{"stats":{"minecraft:custom":{"minecraft:interact_with_furnace":4,"lootr:looted_stat":3,"minecraft:mob_kills":6,"minecraft:interact_with_crafting_table":10,"minecraft:leave_game":8,"minecraft:time_since_death":109505,"minecraft:sleep_in_bed":5,"minecraft:climb_one_cm":218,"minecraft:damage_resisted":136,"minecraft:time_since_rest":45988,"minecraft:waystone_activated":1,"minecraft:sprint_one_cm":432149,"minecraft:damage_taken":1864,"minecraft:walk_one_cm":341597,"minecraft:damage_blocked_by_shield":1170,"minecraft:trigger_trapped_chest":1,"minecraft:drop":21,"minecraft:damage_dealt":1407,"minecraft:swim_one_cm":45855,"minecraft:talked_to_villager":1,"minecraft:fly_one_cm":428710,"minecraft:open_chest":37,"minecraft:crouch_one_cm":23162,"minecraft:play_time":168283,"minecraft:deaths":4,"minecraft:sneak_time":8376,"minecraft:walk_under_water_one_cm":23701,"minecraft:jump":1741,"minecraft:interact_with_blast_furnace":2,"minecraft:walk_on_water_one_cm":12806,"minecraft:total_world_time":168283,"minecraft:fall_one_cm":37420},"minecraft:killed_by":{"minecraft:player":2,"iceandfire:ghost":1},"minecraft:killed":{"minecraft:wandering_trader":1,"minecraft:trader_llama":2,"iceandfire:ghost":1},"minecraft:picked_up":{"minecraft:glow_ink_sac":3,"minecraft:anvil":1,"minecraft:andesite":13,"minecraft:leather":3,"minecraft:brown_mushroom":5,"minecraft:lead":2,"iceandfire:ectoplasm":1,"minecraft:dirt":24,"minecraft:oak_trapdoor":9,"minecraft:paper":1,"minecraft:bow":1,"minecraft:cobbled_deepslate":157,"minecraft:raw_gold":5,"minecraft:gray_bed":1,"minecraft:oak_slab":25,"minecraft:raw_iron":10,"minecraft:sandstone":7,"minecraft:torch":1,"minecraft:blast_furnace":1,"minecraft:diorite":3,"minecraft:diamond":25,"minecraft:granite":121,"minecraft:oak_sapling":3,"dedsafio3:dedita":20,"minecraft:ender_pearl":1,"minecraft:coal":17,"iceandfire:raw_silver":1,"minecraft:cobblestone":209,"minecraft:diamond_pickaxe":1},"minecraft:dropped":{"minecraft:oak_slab":6,"minecraft:glow_ink_sac":3,"minecraft:cobbled_deepslate":97,"minecraft:raw_copper":18,"minecraft:diamond":9,"minecraft:raw_iron":10,"minecraft:cobblestone":14,"minecraft:oak_planks":20,"minecraft:coal":14,"minecraft:raw_gold_block":2,"minecraft:blast_furnace":1,"minecraft:diamond_pickaxe":1,"minecraft:gray_bed":1,"dedsafio3:dedita":1,"minecraft:raw_gold":14,"minecraft:string":2,"minecraft:music_disc_cat":1},"minecraft:used":{"minecraft:oak_trapdoor":10,"minecraft:water_bucket":4,"minecraft:diorite":3,"minecraft:shield":35,"minecraft:sandstone":15,"minecraft:torch":1,"minecraft:dirt":10,"minecraft:oak_slab":25,"minecraft:carrot":18,"minecraft:granite":25,"minecraft:diamond_pickaxe":30,"minecraft:iron_axe":73,"minecraft:bread":10,"minecraft:iron_pickaxe":528,"minecraft:cobblestone":85,"minecraft:bucket":5,"minecraft:andesite":13,"minecraft:cobbled_deepslate":58},"minecraft:broken":{"minecraft:iron_pickaxe":2},"minecraft:crafted":{"minecraft:oak_slab":6,"minecraft:oak_planks":100,"minecraft:bucket":1,"minecraft:oak_trapdoor":10,"minecraft:diamond_leggings":1,"minecraft:shield":1,"minecraft:iron_axe":1,"minecraft:stick":8,"minecraft:iron_pickaxe":2,"minecraft:diamond_chestplate":1},"minecraft:mined":{"minecraft:oak_slab":1,"iceandfire:silver_ore":1,"minecraft:deepslate_diamond_ore":6,"minecraft:granite":121,"minecraft:blast_furnace":1,"minecraft:brown_mushroom_block":39,"minecraft:diorite":4,"minecraft:sandstone":9,"minecraft:oak_trapdoor":10,"minecraft:iron_ore":10,"minecraft:cobbled_deepslate":4,"minecraft:gray_bed":1,"minecraft:andesite":13,"minecraft:anvil":1,"minecraft:coal_ore":3,"minecraft:mycelium":4,"minecraft:dirt":19,"minecraft:stone":218,"minecraft:gold_ore":5,"minecraft:deepslate":160}},"DataVersion":3465}