{"stats":{"minecraft:killed":{"iceandfire:ghost":1},"minecraft:used":{"minecraft:oak_trapdoor":10,"minecraft:diorite":3,"minecraft:shield":35,"minecraft:sandstone":15,"minecraft:torch":1,"minecraft:dirt":10,"minecraft:oak_slab":25,"minecraft:carrot":2,"minecraft:granite":4,"minecraft:diamond_pickaxe":30,"minecraft:iron_axe":64,"minecraft:bread":7,"minecraft:iron_pickaxe":501,"minecraft:cobblestone":85,"minecraft:andesite":13,"minecraft:cobbled_deepslate":58},"minecraft:broken":{"minecraft:iron_pickaxe":2},"minecraft:custom":{"lootr:looted_stat":3,"minecraft:interact_with_furnace":4,"minecraft:mob_kills":3,"minecraft:interact_with_crafting_table":9,"minecraft:leave_game":7,"minecraft:time_since_death":53961,"minecraft:climb_one_cm":218,"minecraft:damage_resisted":108,"minecraft:time_since_rest":53977,"minecraft:waystone_activated":1,"minecraft:sprint_one_cm":274901,"minecraft:damage_taken":1817,"minecraft:walk_one_cm":224079,"minecraft:damage_blocked_by_shield":1170,"minecraft:trigger_trapped_chest":1,"minecraft:drop":20,"minecraft:damage_dealt":731,"minecraft:swim_one_cm":15890,"minecraft:fly_one_cm":382764,"minecraft:open_chest":19,"minecraft:crouch_one_cm":19236,"minecraft:play_time":112739,"minecraft:deaths":4,"minecraft:sneak_time":7185,"minecraft:walk_under_water_one_cm":9317,"minecraft:jump":1365,"minecraft:walk_on_water_one_cm":10522,"minecraft:total_world_time":112739,"minecraft:fall_one_cm":30618},"minecraft:mined":{"minecraft:oak_slab":1,"iceandfire:silver_ore":1,"minecraft:deepslate_diamond_ore":6,"minecraft:granite":107,"minecraft:blast_furnace":1,"minecraft:brown_mushroom_block":39,"minecraft:diorite":4,"minecraft:sandstone":9,"minecraft:oak_trapdoor":10,"minecraft:iron_ore":10,"minecraft:cobbled_deepslate":4,"minecraft:gray_bed":1,"minecraft:andesite":13,"minecraft:anvil":1,"minecraft:coal_ore":3,"minecraft:mycelium":4,"minecraft:dirt":19,"minecraft:stone":205,"minecraft:gold_ore":5,"minecraft:deepslate":160},"minecraft:crafted":{"minecraft:oak_slab":6,"minecraft:oak_planks":100,"minecraft:oak_trapdoor":10,"minecraft:diamond_leggings":1,"minecraft:shield":1,"minecraft:iron_axe":1,"minecraft:stick":8,"minecraft:iron_pickaxe":2,"minecraft:diamond_chestplate":1},"minecraft:picked_up":{"minecraft:glow_ink_sac":3,"minecraft:anvil":1,"minecraft:andesite":13,"minecraft:brown_mushroom":5,"iceandfire:ectoplasm":1,"minecraft:dirt":24,"minecraft:oak_trapdoor":9,"minecraft:bow":1,"minecraft:cobbled_deepslate":157,"minecraft:raw_gold":5,"minecraft:gray_bed":1,"minecraft:oak_slab":25,"minecraft:raw_iron":10,"minecraft:sandstone":7,"minecraft:torch":1,"minecraft:blast_furnace":1,"minecraft:diorite":3,"minecraft:diamond":25,"minecraft:granite":107,"minecraft:oak_sapling":3,"minecraft:coal":17,"iceandfire:raw_silver":1,"minecraft:cobblestone":204,"minecraft:diamond_pickaxe":1},"minecraft:killed_by":{"minecraft:player":2,"iceandfire:ghost":1},"minecraft:dropped":{"minecraft:oak_slab":6,"minecraft:glow_ink_sac":3,"minecraft:cobbled_deepslate":97,"minecraft:raw_copper":18,"minecraft:diamond":9,"minecraft:raw_iron":10,"minecraft:cobblestone":14,"minecraft:oak_planks":20,"minecraft:coal":14,"minecraft:raw_gold_block":2,"minecraft:blast_furnace":1,"minecraft:diamond_pickaxe":1,"minecraft:gray_bed":1,"minecraft:raw_gold":14,"minecraft:string":2,"minecraft:music_disc_cat":1}},"DataVersion":3465}