{"stats":{"minecraft:custom":{"minecraft:interact_with_furnace":9,"lootr:looted_stat":3,"minecraft:mob_kills":6,"minecraft:interact_with_crafting_table":10,"minecraft:leave_game":8,"minecraft:time_since_death":121505,"minecraft:sleep_in_bed":5,"minecraft:climb_one_cm":218,"minecraft:damage_resisted":156,"minecraft:time_since_rest":57988,"minecraft:waystone_activated":1,"minecraft:sprint_one_cm":466784,"minecraft:damage_taken":1894,"minecraft:walk_one_cm":363125,"minecraft:damage_blocked_by_shield":1170,"minecraft:trigger_trapped_chest":1,"minecraft:drop":23,"minecraft:damage_dealt":1407,"minecraft:swim_one_cm":51203,"minecraft:talked_to_villager":1,"minecraft:fly_one_cm":466626,"minecraft:open_chest":43,"minecraft:crouch_one_cm":24441,"minecraft:play_time":180283,"minecraft:deaths":4,"minecraft:sneak_time":9003,"minecraft:walk_under_water_one_cm":26067,"minecraft:jump":1912,"minecraft:interact_with_blast_furnace":3,"minecraft:walk_on_water_one_cm":15486,"minecraft:total_world_time":180283,"minecraft:fall_one_cm":41954},"minecraft:killed_by":{"minecraft:player":2,"iceandfire:ghost":1},"minecraft:killed":{"minecraft:wandering_trader":1,"minecraft:trader_llama":2,"iceandfire:ghost":1},"minecraft:picked_up":{"minecraft:glow_ink_sac":3,"minecraft:anvil":1,"minecraft:andesite":13,"minecraft:leather":3,"minecraft:brown_mushroom":5,"minecraft:lead":2,"iceandfire:ectoplasm":1,"minecraft:dirt":24,"minecraft:oak_trapdoor":9,"minecraft:paper":1,"minecraft:bow":1,"minecraft:cobbled_deepslate":157,"minecraft:raw_gold":5,"minecraft:gray_bed":1,"minecraft:oak_slab":25,"minecraft:raw_iron":10,"minecraft:sandstone":7,"minecraft:torch":1,"minecraft:blast_furnace":1,"minecraft:diorite":3,"minecraft:diamond":25,"minecraft:granite":125,"minecraft:golden_apple":2,"minecraft:oak_sapling":3,"dedsafio3:dedita":20,"minecraft:ender_pearl":1,"minecraft:coal":43,"iceandfire:raw_silver":1,"minecraft:cobblestone":212,"minecraft:diamond_pickaxe":1},"minecraft:dropped":{"minecraft:oak_slab":6,"minecraft:glow_ink_sac":3,"minecraft:cobbled_deepslate":97,"minecraft:raw_copper":18,"minecraft:diamond":9,"minecraft:raw_iron":10,"minecraft:cobblestone":78,"minecraft:oak_planks":20,"minecraft:leather":3,"minecraft:coal":14,"minecraft:raw_gold_block":2,"minecraft:blast_furnace":1,"minecraft:diamond_pickaxe":1,"minecraft:gray_bed":1,"dedsafio3:dedita":1,"minecraft:raw_gold":14,"minecraft:string":2,"minecraft:music_disc_cat":1},"minecraft:used":{"minecraft:oak_trapdoor":10,"minecraft:water_bucket":4,"minecraft:diorite":3,"minecraft:shield":35,"minecraft:sandstone":15,"minecraft:torch":1,"minecraft:dirt":10,"minecraft:oak_slab":25,"minecraft:carrot":18,"minecraft:granite":58,"minecraft:diamond_pickaxe":30,"minecraft:iron_axe":73,"minecraft:bread":11,"minecraft:iron_pickaxe":563,"minecraft:cobblestone":85,"minecraft:bucket":5,"minecraft:andesite":13,"minecraft:cobbled_deepslate":58},"minecraft:broken":{"minecraft:iron_pickaxe":2},"minecraft:crafted":{"minecraft:oak_slab":6,"minecraft:oak_planks":100,"minecraft:bucket":1,"minecraft:oak_trapdoor":10,"minecraft:diamond_leggings":1,"minecraft:shield":1,"minecraft:iron_axe":1,"minecraft:stick":8,"minecraft:iron_pickaxe":2,"minecraft:diamond_chestplate":1},"minecraft:mined":{"minecraft:oak_slab":1,"iceandfire:silver_ore":1,"minecraft:deepslate_diamond_ore":6,"minecraft:granite":125,"minecraft:blast_furnace":1,"minecraft:brown_mushroom_block":39,"minecraft:diorite":4,"minecraft:sandstone":9,"minecraft:oak_trapdoor":10,"minecraft:iron_ore":10,"minecraft:cobbled_deepslate":4,"minecraft:gray_bed":1,"minecraft:andesite":13,"minecraft:anvil":1,"minecraft:coal_ore":30,"minecraft:mycelium":4,"minecraft:dirt":19,"minecraft:stone":222,"minecraft:gold_ore":5,"minecraft:deepslate":160}},"DataVersion":3465}