{"stats":{"minecraft:killed_by":{"minecraft:player":2,"iceandfire:ghost":1},"minecraft:mined":{"minecraft:oak_slab":1,"minecraft:brown_mushroom":8,"iceandfire:silver_ore":1,"minecraft:deepslate_diamond_ore":6,"minecraft:snow_block":745,"minecraft:granite":138,"minecraft:blast_furnace":1,"minecraft:mushroom_stem":1,"minecraft:brown_mushroom_block":57,"minecraft:cobblestone":5,"minecraft:lapis_ore":5,"minecraft:diorite":5,"minecraft:sandstone":9,"minecraft:wall_torch":1,"minecraft:oak_trapdoor":10,"minecraft:iron_ore":10,"minecraft:cobbled_deepslate":6,"minecraft:fire":8,"minecraft:gray_bed":1,"minecraft:andesite":13,"minecraft:anvil":1,"minecraft:coal_ore":142,"minecraft:mycelium":4,"minecraft:oak_sign":1,"minecraft:dirt":19,"minecraft:stone":230,"minecraft:gold_ore":5,"minecraft:oak_leaves":1,"minecraft:deepslate":160},"minecraft:broken":{"minecraft:iron_pickaxe":2},"minecraft:killed":{"minecraft:wandering_trader":2,"minecraft:trader_llama":3,"iceandfire:ghost":1},"minecraft:dropped":{"minecraft:oak_slab":6,"securitycraft:mine":1,"minecraft:lapis_lazuli":39,"minecraft:glow_ink_sac":3,"minecraft:cobbled_deepslate":97,"minecraft:raw_copper":18,"minecraft:diamond":9,"minecraft:raw_iron":10,"minecraft:cobblestone":92,"minecraft:rotten_flesh":3,"minecraft:oak_planks":20,"minecraft:leather":3,"iceandfire:ectoplasm":1,"minecraft:granite":3,"minecraft:coal":103,"minecraft:raw_gold_block":2,"minecraft:stick":2,"minecraft:blast_furnace":1,"minecraft:dirt":10,"minecraft:diamond_pickaxe":1,"minecraft:gray_bed":1,"dedsafio3:dedita":1,"minecraft:oak_sapling":3,"minecraft:sandstone":1,"minecraft:raw_gold":14,"minecraft:string":2,"minecraft:music_disc_cat":1,"minecraft:dandelion":1},"minecraft:picked_up":{"minecraft:glow_ink_sac":3,"minecraft:anvil":1,"minecraft:andesite":13,"minecraft:leather":3,"minecraft:brown_mushroom":20,"minecraft:lead":2,"iceandfire:ectoplasm":2,"minecraft:lapis_lazuli":39,"minecraft:dirt":45,"minecraft:oak_trapdoor":9,"minecraft:paper":1,"minecraft:oak_sign":1,"minecraft:bow":1,"minecraft:cobbled_deepslate":159,"minecraft:raw_gold":5,"minecraft:gray_bed":1,"minecraft:oak_slab":25,"minecraft:raw_iron":10,"minecraft:sandstone":8,"securitycraft:mine":1,"minecraft:torch":4,"minecraft:dandelion":2,"minecraft:blast_furnace":1,"minecraft:diorite":4,"minecraft:diamond_shovel":3,"minecraft:rotten_flesh":3,"minecraft:diamond":25,"minecraft:granite":136,"minecraft:golden_apple":2,"dedsafio3:dedita":20,"minecraft:oak_sapling":3,"dedsafio3:nutri_totem":1,"minecraft:ender_pearl":1,"minecraft:coal":155,"minecraft:snowball":292,"iceandfire:raw_silver":1,"minecraft:cobblestone":237,"minecraft:diamond_pickaxe":1},"minecraft:crafted":{"minecraft:oak_slab":6,"minecraft:oak_planks":100,"minecraft:stone":54,"minecraft:bucket":1,"minecraft:air":0,"minecraft:oak_trapdoor":10,"minecraft:diamond_leggings":1,"minecraft:shield":1,"minecraft:iron_axe":1,"minecraft:stick":8,"minecraft:iron_pickaxe":2,"minecraft:diamond_chestplate":1},"minecraft:custom":{"minecraft:interact_with_furnace":28,"lootr:looted_stat":3,"minecraft:mob_kills":8,"minecraft:interact_with_crafting_table":12,"minecraft:eat_cake_slice":2,"minecraft:leave_game":12,"minecraft:time_since_death":29298,"minecraft:sleep_in_bed":5,"minecraft:damage_resisted":374,"minecraft:climb_one_cm":218,"minecraft:time_since_rest":29305,"minecraft:waystone_activated":1,"minecraft:sprint_one_cm":723269,"minecraft:open_enderchest":1,"minecraft:damage_taken":3514,"minecraft:walk_one_cm":673377,"minecraft:damage_blocked_by_shield":1245,"minecraft:trigger_trapped_chest":2,"minecraft:drop":103,"minecraft:damage_dealt":2140,"minecraft:swim_one_cm":79835,"minecraft:talked_to_villager":2,"minecraft:fly_one_cm":593345,"minecraft:open_chest":63,"minecraft:crouch_one_cm":36100,"minecraft:play_time":277851,"minecraft:deaths":6,"minecraft:sneak_time":13596,"minecraft:walk_under_water_one_cm":76984,"minecraft:jump":2688,"minecraft:interact_with_blast_furnace":4,"minecraft:walk_on_water_one_cm":45149,"minecraft:fall_one_cm":61747,"minecraft:total_world_time":277851},"minecraft:used":{"minecraft:oak_trapdoor":10,"minecraft:diorite":4,"minecraft:water_bucket":8,"minecraft:oak_sign":1,"minecraft:ender_pearl":1,"minecraft:shield":40,"minecraft:sandstone":16,"minecraft:brown_mushroom":11,"minecraft:torch":1,"minecraft:dirt":10,"minecraft:anvil":1,"minecraft:oak_slab":25,"minecraft:carrot":18,"minecraft:snowball":193,"minecraft:granite":135,"minecraft:diamond_pickaxe":30,"minecraft:diamond_shovel":745,"minecraft:iron_pickaxe":713,"minecraft:iron_axe":108,"minecraft:bread":19,"minecraft:cobblestone":98,"minecraft:andesite":13,"minecraft:bucket":9,"minecraft:egg":1,"minecraft:cobbled_deepslate":60}},"DataVersion":3465}