{"stats":{"minecraft:custom":{"minecraft:interact_with_furnace":28,"lootr:looted_stat":3,"minecraft:mob_kills":8,"minecraft:interact_with_crafting_table":11,"minecraft:leave_game":9,"minecraft:time_since_death":150877,"minecraft:sleep_in_bed":5,"minecraft:climb_one_cm":218,"minecraft:damage_resisted":206,"minecraft:time_since_rest":87360,"minecraft:waystone_activated":1,"minecraft:sprint_one_cm":554302,"minecraft:damage_taken":1969,"minecraft:walk_one_cm":428499,"minecraft:damage_blocked_by_shield":1245,"minecraft:trigger_trapped_chest":1,"minecraft:drop":25,"minecraft:damage_dealt":2029,"minecraft:swim_one_cm":60064,"minecraft:talked_to_villager":2,"minecraft:fly_one_cm":519266,"minecraft:open_chest":51,"minecraft:crouch_one_cm":32470,"minecraft:play_time":209655,"minecraft:deaths":4,"minecraft:sneak_time":11834,"minecraft:walk_under_water_one_cm":39852,"minecraft:jump":2254,"minecraft:interact_with_blast_furnace":4,"minecraft:walk_on_water_one_cm":25195,"minecraft:total_world_time":209655,"minecraft:fall_one_cm":49523},"minecraft:killed_by":{"minecraft:player":2,"iceandfire:ghost":1},"minecraft:killed":{"minecraft:wandering_trader":2,"minecraft:trader_llama":3,"iceandfire:ghost":1},"minecraft:picked_up":{"minecraft:glow_ink_sac":3,"minecraft:anvil":1,"minecraft:andesite":13,"minecraft:leather":3,"minecraft:brown_mushroom":5,"minecraft:lead":2,"iceandfire:ectoplasm":1,"minecraft:lapis_lazuli":33,"minecraft:dirt":24,"minecraft:oak_trapdoor":9,"minecraft:paper":1,"minecraft:bow":1,"minecraft:cobbled_deepslate":159,"minecraft:raw_gold":5,"minecraft:gray_bed":1,"minecraft:oak_slab":25,"minecraft:raw_iron":10,"minecraft:sandstone":7,"minecraft:torch":1,"minecraft:blast_furnace":1,"minecraft:diorite":4,"minecraft:rotten_flesh":3,"minecraft:diamond":25,"minecraft:granite":129,"minecraft:golden_apple":2,"dedsafio3:dedita":20,"minecraft:oak_sapling":3,"minecraft:ender_pearl":1,"minecraft:coal":155,"iceandfire:raw_silver":1,"minecraft:cobblestone":227,"minecraft:diamond_pickaxe":1},"minecraft:dropped":{"minecraft:oak_slab":6,"minecraft:glow_ink_sac":3,"minecraft:cobbled_deepslate":97,"minecraft:raw_copper":18,"minecraft:diamond":9,"minecraft:raw_iron":10,"minecraft:cobblestone":78,"minecraft:oak_planks":20,"minecraft:leather":3,"minecraft:coal":103,"minecraft:raw_gold_block":2,"minecraft:blast_furnace":1,"minecraft:diamond_pickaxe":1,"minecraft:gray_bed":1,"dedsafio3:dedita":1,"minecraft:raw_gold":14,"minecraft:string":2,"minecraft:music_disc_cat":1},"minecraft:used":{"minecraft:oak_trapdoor":10,"minecraft:water_bucket":4,"minecraft:diorite":3,"minecraft:ender_pearl":1,"minecraft:shield":40,"minecraft:sandstone":15,"minecraft:torch":1,"minecraft:dirt":10,"minecraft:oak_slab":25,"minecraft:carrot":18,"minecraft:granite":123,"minecraft:diamond_pickaxe":30,"minecraft:iron_axe":85,"minecraft:bread":17,"minecraft:iron_pickaxe":701,"minecraft:cobblestone":98,"minecraft:bucket":5,"minecraft:andesite":13,"minecraft:cobbled_deepslate":60},"minecraft:broken":{"minecraft:iron_pickaxe":2},"minecraft:crafted":{"minecraft:oak_slab":6,"minecraft:oak_planks":100,"minecraft:stone":54,"minecraft:bucket":1,"minecraft:air":0,"minecraft:oak_trapdoor":10,"minecraft:diamond_leggings":1,"minecraft:shield":1,"minecraft:iron_axe":1,"minecraft:stick":8,"minecraft:iron_pickaxe":2,"minecraft:diamond_chestplate":1},"minecraft:mined":{"minecraft:oak_slab":1,"iceandfire:silver_ore":1,"minecraft:deepslate_diamond_ore":6,"minecraft:granite":130,"minecraft:blast_furnace":1,"minecraft:brown_mushroom_block":39,"minecraft:cobblestone":5,"minecraft:lapis_ore":5,"minecraft:diorite":5,"minecraft:sandstone":9,"minecraft:oak_trapdoor":10,"minecraft:fire":1,"minecraft:iron_ore":10,"minecraft:cobbled_deepslate":6,"minecraft:gray_bed":1,"minecraft:andesite":13,"minecraft:anvil":1,"minecraft:coal_ore":142,"minecraft:mycelium":4,"minecraft:dirt":19,"minecraft:stone":230,"minecraft:gold_ore":5,"minecraft:oak_leaves":1,"minecraft:deepslate":160}},"DataVersion":3465}