{"stats":{"minecraft:custom":{"lootr:looted_stat":34,"minecraft:animals_bred":22,"minecraft:interact_with_crafting_table":104,"minecraft:bell_ring":2,"minecraft:leave_game":6,"minecraft:time_since_death":177498,"minecraft:damage_resisted":532,"minecraft:sprint_one_cm":1597965,"minecraft:drop":215,"minecraft:talked_to_villager":32,"minecraft:play_time":472287,"minecraft:deaths":1,"minecraft:jump":6371,"minecraft:interact_with_brewingstand":3,"minecraft:walk_on_water_one_cm":78076,"minecraft:interact_with_furnace":55,"minecraft:traded_with_villager":3,"minecraft:sleep_in_bed":7,"minecraft:waystone_activated":1,"minecraft:damage_dealt":12872,"minecraft:player_kills":1,"minecraft:crouch_one_cm":419130,"minecraft:interact_with_smithing_table":3,"minecraft:mob_kills":52,"minecraft:interact_with_anvil":1,"minecraft:climb_one_cm":197,"minecraft:walk_one_cm":1365249,"minecraft:sneak_time":100199,"minecraft:walk_under_water_one_cm":54980,"minecraft:total_world_time":472287,"vampirism:interact_with_injection_chair":9,"minecraft:time_since_rest":58919,"minecraft:damage_taken":5687,"minecraft:damage_absorbed":118,"minecraft:trigger_trapped_chest":6,"minecraft:swim_one_cm":94377,"minecraft:fly_one_cm":1294705,"minecraft:open_chest":343,"minecraft:fall_one_cm":178628},"minecraft:killed":{"minecraft:cod":1,"minecraft:skeleton":1,"minecraft:chicken":2,"artifacts:mimic":2,"minecraft:pig":2,"minecraft:iron_golem":1,"minecraft:sheep":7,"minecraft:zombie":4,"minecraft:cow":3,"minecraft:phantom":10,"minecraft:horse":2,"iceandfire:ghost":2,"minecraft:enderman":1},"minecraft:used":{"minecraft:spruce_slab":1362,"minecraft:poppy":1,"minecraft:chest":18,"minecraft:white_terracotta":8,"minecraft:iron_sword":36,"minecraft:bell":1,"minecraft:spruce_leaves":108,"minecraft:carrot":16,"minecraft:quartz_pillar":1,"iceandfire:ghost_chest":1,"minecraft:iron_helmet":1,"minecraft:stone_bricks":2,"minecraft:red_carpet":10,"minecraft:oak_sapling":15,"minecraft:furnace":7,"minecraft:egg":2,"minecraft:diamond_boots":1,"minecraft:stone_pickaxe":57,"minecraft:oak_planks":101,"minecraft:wooden_pickaxe":13,"minecraft:composter":2,"minecraft:diamond_axe":551,"minecraft:golden_apple":3,"minecraft:shears":118,"minecraft:bread":40,"minecraft:cyan_bed":2,"minecraft:verdant_froglight":6,"minecraft:diamond_sword":149,"minecraft:smithing_table":1,"minecraft:bone_meal":9,"minecraft:oak_fence":27,"minecraft:oak_trapdoor":2,"minecraft:spruce_planks":25,"minecraft:cooked_chicken":2,"minecraft:oak_door":2,"minecraft:torch":99,"minecraft:brewing_stand":1,"minecraft:dirt":29,"minecraft:anvil":1,"minecraft:diamond_helmet":1,"minecraft:granite":1,"minecraft:chipped_anvil":1,"minecraft:iron_axe":70,"minecraft:oak_stairs":11,"minecraft:iron_boots":1,"minecraft:cooked_beef":2,"minecraft:cobbled_deepslate":75,"minecraft:iron_leggings":1,"minecraft:cooked_mutton":14,"minecraft:water_bucket":172,"minecraft:fletching_table":1,"minecraft:cobblestone_slab":48,"minecraft:oak_slab":1375,"minecraft:crafting_table":17,"minecraft:birch_sign":3,"minecraft:white_bed":15,"minecraft:oak_log":3,"minecraft:diamond_pickaxe":781,"minecraft:cornflower":1,"minecraft:oxeye_daisy":1,"minecraft:diamond_shovel":210,"minecraft:iron_pickaxe":844,"minecraft:map":1,"iceandfire:graveyard_soil":1,"minecraft:spruce_trapdoor":2,"minecraft:spruce_sapling":21,"minecraft:stone_axe":269,"minecraft:cobblestone":159,"minecraft:bucket":172,"minecraft:pumpkin_pie":6,"minecraft:yellow_bed":5,"minecraft:dandelion":7,"minecraft:diamond_leggings":1},"minecraft:dropped":{"minecraft:iron_sword":2,"iceandfire:raw_silver":1,"minecraft:diamond_axe":2,"minecraft:oak_log":1,"minecraft:diamond":1,"minecraft:cooked_porkchop":3,"minecraft:glow_berries":3,"minecraft:rail":14,"minecraft:cod":1,"minecraft:dirt":2,"minecraft:gold_nugget":15,"minecraft:iron_pickaxe":3,"minecraft:oak_door":4,"minecraft:stone_axe":2,"minecraft:cobbled_deepslate":7,"minecraft:wheat":21,"minecraft:oak_planks":132,"minecraft:diamond_shovel":1,"minecraft:azure_bluet":1,"minecraft:carrot":51,"minecraft:skeleton_skull":4,"minecraft:water_bucket":2,"minecraft:iron_ingot":3,"minecraft:bread":10,"minecraft:oak_slab":1,"minecraft:wheat_seeds":3,"minecraft:cobblestone":25,"minecraft:granite":17,"minecraft:copper_ingot":256,"minecraft:spruce_door":1,"vampirism:amulet":1,"minecraft:coal":4,"minecraft:golden_apple":1,"minecraft:stick":12,"minecraft:milk_bucket":2,"minecraft:diorite":12,"minecraft:torch":2,"minecraft:map":1,"minecraft:iron_axe":3,"minecraft:spruce_sapling":1,"minecraft:raw_copper":65,"minecraft:tuff":4,"vampirism:obi_belt":1,"minecraft:diamond_hoe":1,"minecraft:raw_iron":47,"minecraft:iron_boots":1,"minecraft:blast_furnace":1,"minecraft:filled_map":1,"minecraft:diamond_sword":2,"minecraft:iron_chestplate":1,"minecraft:diamond_pickaxe":4,"minecraft:andesite":11,"iceandfire:silver_ingot":2,"minecraft:oak_sapling":5,"artifacts:onion_ring":1,"minecraft:stone_pickaxe":3,"minecraft:wooden_pickaxe":4},"minecraft:picked_up":{"minecraft:iron_chestplate":2,"minecraft:wheat":11,"minecraft:creeper_head":1,"minecraft:anvil":1,"minecraft:smithing_table":2,"minecraft:diamond_sword":3,"minecraft:oak_stairs":103,"minecraft:wither_rose":2,"minecraft:brewing_stand":1,"iceandfire:manuscript":5,"minecraft:string":16,"minecraft:raw_copper":65,"minecraft:iron_leggings":1,"minecraft:beetroot":1,"vampirism:obi_belt":1,"minecraft:diamond_leggings":1,"minecraft:gold_nugget":15,"minecraft:cobbled_deepslate":510,"minecraft:bucket":2,"minecraft:spruce_planks":7,"minecraft:cobblestone_slab":7,"minecraft:iron_pickaxe":1,"minecraft:furnace":4,"minecraft:stick":46,"iceandfire:ghost_chest":1,"minecraft:composter":2,"minecraft:oak_fence":40,"minecraft:torch":29,"minecraft:porkchop":3,"minecraft:diorite":12,"vampirism:amulet":1,"minecraft:rotten_flesh":13,"minecraft:white_terracotta":53,"minecraft:obsidian":6,"minecraft:cod":1,"minecraft:cobblestone":430,"minecraft:birch_log":6,"minecraft:feather":1,"minecraft:water_bucket":2,"minecraft:andesite":11,"minecraft:potato":18,"minecraft:tuff":42,"minecraft:map":1,"minecraft:lapis_lazuli":104,"minecraft:dirt":194,"minecraft:bone":9,"minecraft:chipped_anvil":1,"minecraft:stonecutter":1,"minecraft:wheat_seeds":87,"minecraft:raw_gold":40,"minecraft:bell":2,"minecraft:diamond_helmet":1,"minecraft:fletching_table":1,"minecraft:oak_planks":268,"minecraft:cooked_porkchop":3,"minecraft:ink_sac":2,"minecraft:cyan_bed":2,"minecraft:mossy_cobblestone":2,"minecraft:diamond":38,"artifacts:crystal_heart":1,"minecraft:granite":18,"minecraft:bone_meal":1,"minecraft:golden_apple":5,"minecraft:spruce_sign":2,"minecraft:bread":15,"minecraft:oak_sapling":29,"iceandfire:raw_silver":1,"minecraft:diamond_pickaxe":4,"minecraft:spruce_leaves":108,"minecraft:crafting_table":14,"minecraft:azure_bluet":1,"minecraft:clay_ball":12,"minecraft:wooden_pickaxe":2,"minecraft:cornflower":2,"minecraft:oak_trapdoor":2,"minecraft:iron_axe":2,"iceandfire:graveyard_soil":1,"minecraft:beef":5,"minecraft:poppy":4,"minecraft:spruce_slab":102,"minecraft:minecart":1,"minecraft:sugar_cane":4,"minecraft:chest":4,"minecraft:diamond_hoe":1,"minecraft:phantom_membrane":8,"minecraft:egg":2,"minecraft:raw_iron":152,"minecraft:oak_door":7,"minecraft:quartz_pillar":1,"minecraft:carrot":71,"minecraft:redstone":249,"iceandfire:silver_ingot":2,"minecraft:diamond_chestplate":1,"minecraft:beetroot_seeds":13,"minecraft:diamond_boots":1,"minecraft:hay_block":20,"artifacts:running_shoes":1,"minecraft:glow_berries":3,"minecraft:mutton":1,"vampirism:holy_water_splash_bottle_ultimate":1,"minecraft:skeleton_skull":4,"minecraft:white_wool":30,"minecraft:oxeye_daisy":2,"minecraft:stripped_oak_log":16,"minecraft:golden_carrot":4,"minecraft:leather":16,"artifacts:onion_ring":1,"minecraft:oak_log":169,"iceandfire:ectoplasm":6,"minecraft:yellow_bed":5,"minecraft:cobblestone_stairs":4,"minecraft:cooked_mutton":15,"minecraft:red_carpet":10,"minecraft:apple":3,"minecraft:stone_bricks":2,"minecraft:iron_ingot":10,"minecraft:stone_pickaxe":2,"minecraft:cooked_chicken":2,"minecraft:iron_sword":2,"minecraft:verdant_froglight":6,"minecraft:book":18,"minecraft:oak_slab":196,"minecraft:pumpkin":4,"minecraft:dandelion":21,"minecraft:gravel":7,"minecraft:spruce_sapling":38,"minecraft:blast_furnace":2,"minecraft:white_bed":5,"minecraft:spruce_log":158,"minecraft:spruce_door":1,"minecraft:diamond_shovel":2,"minecraft:slime_ball":3,"minecraft:stone_axe":1,"minecraft:iron_helmet":1,"minecraft:diamond_axe":2,"minecraft:birch_sign":2,"minecraft:terracotta":2,"minecraft:coal":267,"minecraft:ender_pearl":1},"minecraft:broken":{"minecraft:stone_axe":1,"minecraft:iron_pickaxe":2},"minecraft:crafted":{"minecraft:oak_planks":700,"minecraft:cobblestone_slab":42,"minecraft:diamond_shovel":1,"minecraft:diamond_helmet":1,"minecraft:diamond_leggings":1,"minecraft:bow":1,"minecraft:iron_boots":1,"minecraft:chest":14,"minecraft:oak_fence":3,"minecraft:raw_iron_block":2,"minecraft:oak_slab":1206,"minecraft:emerald":3,"minecraft:diamond_axe":1,"minecraft:crafting_table":5,"minecraft:spruce_planks":760,"minecraft:wooden_pickaxe":1,"minecraft:iron_helmet":1,"minecraft:copper_ingot":86,"minecraft:birch_planks":20,"minecraft:spruce_trapdoor":2,"minecraft:iron_chestplate":1,"minecraft:diamond_pickaxe":1,"minecraft:shield":1,"minecraft:stick":152,"minecraft:iron_ingot":23,"minecraft:iron_pickaxe":3,"minecraft:gold_ingot":33,"minecraft:shears":1,"minecraft:oak_door":6,"minecraft:raw_iron":45,"minecraft:diamond_hoe":1,"minecraft:furnace":3,"minecraft:bone_meal":9,"minecraft:spruce_slab":1260,"minecraft:stone_pickaxe":1,"minecraft:diamond_boots":1,"minecraft:birch_sign":3,"minecraft:wheat":180,"minecraft:cooked_beef":3,"minecraft:diamond_sword":1,"minecraft:iron_sword":1,"minecraft:bucket":1,"minecraft:stone_axe":2,"minecraft:bread":48,"minecraft:air":0,"minecraft:golden_apple":6,"minecraft:raw_gold":72,"minecraft:iron_leggings":1,"minecraft:white_bed":10,"minecraft:torch":40,"minecraft:diamond_chestplate":1},"minecraft:mined":{"minecraft:spruce_planks":6,"iceandfire:graveyard_soil":1,"minecraft:white_bed":5,"minecraft:oak_sapling":4,"minecraft:cobblestone_stairs":4,"minecraft:sculk_vein":1,"minecraft:brewing_stand":1,"minecraft:obsidian":6,"minecraft:granite":7,"minecraft:grass_block":18,"minecraft:composter":2,"minecraft:oxeye_daisy":2,"minecraft:spawner":1,"minecraft:iron_ore":45,"minecraft:cobbled_deepslate":4,"minecraft:fire":13,"minecraft:pumpkin":4,"minecraft:fletching_table":1,"minecraft:deepslate_lapis_ore":15,"minecraft:anvil":1,"minecraft:azure_bluet":1,"minecraft:sculk_shrieker":1,"minecraft:dirt_path":17,"minecraft:oak_stairs":104,"minecraft:birch_wall_sign":1,"minecraft:spruce_slab":60,"minecraft:deepslate_redstone_ore":53,"minecraft:kelp_plant":1,"minecraft:clay":4,"minecraft:torch":8,"minecraft:blast_furnace":1,"minecraft:calcite":2,"minecraft:poppy":4,"iceandfire:ghost_chest":1,"minecraft:chest":4,"minecraft:cobblestone":113,"minecraft:cyan_bed":2,"minecraft:sugar_cane":2,"minecraft:oak_planks":136,"minecraft:wall_torch":4,"minecraft:spruce_sign":3,"minecraft:amethyst_block":2,"minecraft:skeleton_skull":3,"minecraft:seagrass":1,"minecraft:white_terracotta":53,"minecraft:verdant_froglight":6,"minecraft:birch_log":6,"minecraft:wheat":22,"minecraft:wither_rose":2,"minecraft:grass":119,"minecraft:oak_log":132,"minecraft:beetroots":4,"minecraft:dirt":187,"minecraft:stonecutter":1,"minecraft:oak_leaves":78,"minecraft:deepslate":658,"minecraft:tuff":47,"iceandfire:silver_ore":1,"minecraft:mossy_cobblestone":2,"minecraft:deepslate_diamond_ore":38,"minecraft:oak_door":3,"minecraft:spruce_leaves":133,"minecraft:hay_block":21,"minecraft:redstone_ore":4,"minecraft:oak_trapdoor":2,"minecraft:furnace":5,"minecraft:carrots":26,"minecraft:andesite":24,"minecraft:bell":1,"minecraft:bookshelf":6,"minecraft:potatoes":11,"minecraft:deepslate_iron_ore":27,"minecraft:cobblestone_slab":7,"minecraft:vine":6,"minecraft:stripped_oak_log":16,"minecraft:stone":315,"minecraft:smithing_table":2,"minecraft:oak_slab":162,"minecraft:glass_pane":11,"minecraft:spruce_door":1,"minecraft:dandelion":20,"minecraft:oak_fence":19,"minecraft:crafting_table":14,"minecraft:cornflower":2,"minecraft:tall_grass":33,"minecraft:copper_ore":19,"minecraft:deepslate_gold_ore":36,"minecraft:lapis_ore":5,"minecraft:sculk":6,"minecraft:diorite":6,"minecraft:spruce_log":61,"minecraft:quartz_pillar":1,"minecraft:yellow_bed":5,"minecraft:coal_ore":88,"minecraft:gravel":6,"minecraft:cobweb":16,"minecraft:cracked_stone_bricks":1,"minecraft:terracotta":2,"minecraft:stone_bricks":3,"minecraft:chipped_anvil":1,"minecraft:gold_ore":4,"minecraft:fern":1}},"DataVersion":3465}