{"stats":{"minecraft:killed_by":{"minecraft:player":1,"iceandfire:ghost":1},"minecraft:mined":{"minecraft:dark_oak_planks":2,"iceandfire:graveyard_soil":1,"minecraft:black_terracotta":2,"minecraft:red_nether_bricks":7,"minecraft:granite":72,"minecraft:grass_block":5,"minecraft:mangrove_door":2,"iceandfire:lectern":2,"minecraft:soul_soil":1,"minecraft:oak_wall_sign":1,"minecraft:spawner":4,"minecraft:smooth_stone":9,"minecraft:magma_block":3,"minecraft:dark_oak_trapdoor":1,"minecraft:iron_ore":19,"minecraft:cobbled_deepslate":30,"minecraft:fire":4,"minecraft:oak_sign":2,"minecraft:iron_bars":1,"minecraft:stripped_mangrove_wood":2,"minecraft:player_head":2,"minecraft:deepslate_redstone_ore":6,"minecraft:brown_mushroom":9,"minecraft:blackstone":15,"minecraft:kelp_plant":6,"minecraft:clay":1,"minecraft:blast_furnace":1,"minecraft:calcite":6,"minecraft:nether_brick_slab":4,"minecraft:mushroom_stem":11,"minecraft:glass":4,"minecraft:mangrove_fence_gate":1,"minecraft:cobblestone":206,"minecraft:oak_planks":15,"minecraft:damaged_anvil":1,"minecraft:wall_torch":2,"minecraft:cyan_wool":1,"minecraft:wheat":7,"minecraft:waxed_copper_block":2,"minecraft:grass":2,"minecraft:oak_log":12,"minecraft:beetroots":2,"minecraft:sand":66,"minecraft:dirt":263,"minecraft:red_mushroom_block":46,"minecraft:oak_leaves":5,"minecraft:deepslate":65,"minecraft:emerald_block":1,"minecraft:tuff":4,"minecraft:deepslate_diamond_ore":5,"minecraft:dark_oak_log":2,"minecraft:brown_mushroom_block":33,"minecraft:moss_block":1,"minecraft:kelp":7,"minecraft:sandstone":11,"minecraft:large_fern":1,"minecraft:furnace":2,"minecraft:carrots":4,"minecraft:waxed_oxidized_cut_copper_slab":1,"minecraft:andesite":1,"minecraft:bookshelf":2,"minecraft:potatoes":1,"minecraft:deepslate_iron_ore":1,"minecraft:vine":2,"minecraft:bamboo_sapling":1,"minecraft:bamboo":18,"minecraft:stone":1233,"minecraft:oak_slab":14,"minecraft:snow_block":143,"minecraft:crafting_table":5,"minecraft:emerald_ore":4,"minecraft:tall_grass":3,"minecraft:copper_ore":40,"minecraft:diorite":19,"minecraft:purple_bed":2,"minecraft:coal_ore":19,"minecraft:mycelium":151,"minecraft:gravel":1,"minecraft:cyan_carpet":1,"minecraft:gray_carpet":1},"minecraft:broken":{"minecraft:iron_shovel":1,"minecraft:iron_pickaxe":2},"minecraft:killed":{"minecraft:spider":2,"minecraft:skeleton":1,"minecraft:chicken":9,"artifacts:mimic":1,"minecraft:mooshroom":2,"minecraft:phantom":1,"iceandfire:ghost":1},"minecraft:picked_up":{"minecraft:lead":7,"minecraft:music_disc_cat":1,"minecraft:string":4,"minecraft:raw_copper":157,"minecraft:soul_soil":2,"minecraft:red_nether_bricks":5,"minecraft:oak_sign":3,"minecraft:smooth_stone":9,"minecraft:cobbled_deepslate":228,"minecraft:spruce_planks":1,"minecraft:calcite":5,"minecraft:iron_pickaxe":1,"minecraft:furnace":1,"minecraft:stick":3,"minecraft:torch":5,"minecraft:diorite":19,"vampirism:blood_bottle":1,"minecraft:rotten_flesh":3,"minecraft:carved_pumpkin":1,"minecraft:mangrove_door":2,"minecraft:obsidian":5,"minecraft:iron_bars":1,"minecraft:snowball":722,"minecraft:cobblestone":1543,"minecraft:magma_block":8,"minecraft:feather":13,"minecraft:andesite":1,"minecraft:dark_oak_boat":1,"minecraft:potato":1,"artifacts:thorn_pendant":1,"minecraft:tuff":4,"minecraft:lapis_lazuli":33,"minecraft:dirt":528,"securitycraft:reinforced_stone_button":17,"minecraft:bone":2,"minecraft:bow":2,"minecraft:wheat_seeds":8,"minecraft:raw_gold":14,"minecraft:diamond_helmet":1,"minecraft:mangrove_fence_gate":1,"minecraft:bamboo":307,"minecraft:oak_planks":83,"minecraft:sand":41,"minecraft:dark_oak_log":3,"minecraft:diamond":33,"iceandfire:lectern":2,"minecraft:granite":72,"minecraft:spruce_sign":1,"minecraft:golden_apple":2,"minecraft:white_concrete":1,"minecraft:emerald":4,"dedsafio3:dedita":5,"minecraft:oak_sapling":4,"minecraft:crafting_table":5,"minecraft:chicken":12,"minecraft:clay_ball":4,"minecraft:brown_mushroom":31,"minecraft:wooden_pickaxe":1,"vampirism:heart_striker_enhanced":1,"minecraft:oak_trapdoor":1,"minecraft:item_frame":1,"minecraft:cyan_carpet":1,"minecraft:blackstone":12,"iceandfire:ghost_ingot":1,"minecraft:beef":7,"minecraft:player_head":2,"minecraft:birch_sapling":1,"minecraft:phantom_membrane":1,"minecraft:egg":1,"minecraft:raw_iron":46,"minecraft:sandstone":21,"minecraft:stripped_mangrove_wood":4,"securitycraft:reinforced_cobblestone":2,"minecraft:raw_gold_block":2,"minecraft:carrot":4,"minecraft:redstone":27,"minecraft:dark_oak_planks":1,"minecraft:tnt":19,"minecraft:arrow":3,"minecraft:beetroot_seeds":2,"minecraft:diamond_boots":1,"minecraft:hay_block":17,"minecraft:gold_ingot":27,"dedsafio3:nutri_totem":4,"iceandfire:dragonegg_green":1,"minecraft:glow_ink_sac":3,"minecraft:leather":10,"minecraft:red_mushroom":14,"minecraft:filled_map":3,"minecraft:oak_log":11,"minecraft:waxed_copper_block":2,"iceandfire:ectoplasm":1,"minecraft:kelp":83,"minecraft:iron_ingot":64,"minecraft:stone_pickaxe":3,"minecraft:cooked_chicken":6,"minecraft:gray_bed":1,"minecraft:soul_sand":1,"minecraft:book":6,"vampirism:pure_salt":4,"minecraft:oak_slab":19,"minecraft:emerald_block":1,"minecraft:gravel":2,"minecraft:blast_furnace":2,"minecraft:nether_brick_slab":4,"artifacts:scarf_of_invisibility":2,"vampirism:hunter_axe_ultimate":1,"minecraft:spider_eye":1,"minecraft:diamond_shovel":1,"minecraft:slime_ball":10,"minecraft:waxed_oxidized_cut_copper_slab":1,"minecraft:damaged_anvil":1,"securitycraft:reinforced_smooth_stone":1,"minecraft:coal":104},"minecraft:dropped":{"minecraft:brown_mushroom":25,"iceandfire:ectoplasm":3,"minecraft:red_mushroom":14,"minecraft:dirt":64,"minecraft:snowball":398,"minecraft:cooked_chicken":6,"vampirism:holy_water_bottle_normal":1,"vampirism:holy_water_bottle_enhanced":1,"minecraft:oak_planks":48,"minecraft:diamond_shovel":2,"minecraft:beetroot_seeds":4,"minecraft:chainmail_boots":1,"vampirism:hunter_axe_ultimate":2,"minecraft:leather_leggings":1,"artifacts:scarf_of_invisibility":1,"iceandfire:manuscript":4,"minecraft:iron_ingot":1,"minecraft:oak_slab":24,"minecraft:tnt":38,"vampirism:pure_salt":4,"minecraft:copper_ingot":128,"vampirism:amulet":1,"minecraft:golden_apple":2,"minecraft:stick":5,"minecraft:smooth_stone":64,"minecraft:filled_map":3,"iceandfire:copper_sword":1,"minecraft:bow":1,"minecraft:stone_pickaxe":4,"minecraft:wooden_pickaxe":1},"minecraft:crafted":{"minecraft:smooth_stone":119,"minecraft:oak_planks":172,"minecraft:dark_oak_boat":1,"minecraft:mangrove_fence_gate":1,"minecraft:stone":216,"securitycraft:keypad_item":2,"minecraft:heavy_weighted_pressure_plate":2,"securitycraft:laser_block":1,"minecraft:glass":20,"minecraft:quartz_block":14,"minecraft:diamond_leggings":1,"minecraft:iron_boots":1,"minecraft:chest":5,"minecraft:oak_fence":3,"minecraft:glass_bottle":3,"minecraft:oak_slab":78,"sophisticatedbackpacks:backpack":1,"minecraft:emerald":9,"minecraft:crafting_table":2,"minecraft:wooden_pickaxe":1,"minecraft:copper_ingot":128,"minecraft:shield":1,"minecraft:stick":28,"minecraft:iron_ingot":23,"minecraft:iron_pickaxe":2,"minecraft:gold_ingot":18,"minecraft:shears":1,"securitycraft:universal_block_reinforcer_lvl1":1,"minecraft:furnace":1,"minecraft:stone_button":17,"minecraft:glass_pane":16,"minecraft:iron_axe":1,"securitycraft:universal_block_remover":1,"minecraft:stone_pickaxe":2,"minecraft:redstone_block":1,"minecraft:dark_oak_planks":12,"minecraft:wheat":81,"sophisticatedbackpacks:iron_backpack":1,"minecraft:mangrove_door":3,"minecraft:mangrove_planks":8,"minecraft:air":0,"minecraft:oak_boat":1,"minecraft:raw_gold":18,"minecraft:iron_shovel":2,"vampirism:blood_container":1,"minecraft:torch":12,"minecraft:diamond_chestplate":1},"minecraft:custom":{"lootr:looted_stat":56,"minecraft:animals_bred":19,"minecraft:interact_with_crafting_table":59,"minecraft:leave_game":11,"minecraft:time_since_death":303108,"minecraft:damage_resisted":2157,"minecraft:sprint_one_cm":758590,"minecraft:damage_blocked_by_shield":141,"minecraft:drop":127,"minecraft:talked_to_villager":1,"minecraft:play_time":548676,"minecraft:deaths":2,"minecraft:jump":3597,"minecraft:walk_on_water_one_cm":97174,"minecraft:interact_with_furnace":73,"minecraft:interact_with_cartography_table":1,"vampirism:interact_with_research_table":1,"minecraft:sleep_in_bed":1,"minecraft:waystone_activated":1,"minecraft:open_enderchest":1,"minecraft:damage_dealt":3159,"minecraft:crouch_one_cm":6366,"minecraft:interact_with_smoker":1,"minecraft:mob_kills":19,"minecraft:damage_dealt_resisted":50,"minecraft:climb_one_cm":925,"vampirism:amount_bitten":101,"minecraft:walk_one_cm":1439175,"vampirism:skills_unlocked":2,"minecraft:sneak_time":4446,"minecraft:walk_under_water_one_cm":230309,"minecraft:boat_one_cm":296788,"minecraft:interact_with_blast_furnace":10,"minecraft:total_world_time":548676,"vampirism:blood_drunk":20500,"minecraft:time_since_rest":303110,"vampirism:resurrected":1,"minecraft:damage_taken":101388,"minecraft:trigger_trapped_chest":6,"minecraft:swim_one_cm":84789,"minecraft:fly_one_cm":460979,"minecraft:open_chest":97,"minecraft:fall_one_cm":78589},"minecraft:used":{"iceandfire:lectern":2,"minecraft:iron_shovel":389,"minecraft:mangrove_fence_gate":2,"minecraft:oak_sign":2,"minecraft:chest":4,"minecraft:shield":3,"minecraft:stone":3,"minecraft:iron_sword":83,"vampirism:blood_container":1,"minecraft:player_head":1,"minecraft:soul_sand":1,"securitycraft:keypad_item":2,"minecraft:tuff":4,"minecraft:snowball":324,"minecraft:glass":4,"minecraft:item_frame":1,"minecraft:magma_block":4,"minecraft:dark_oak_boat":2,"minecraft:furnace":2,"minecraft:oak_sapling":4,"minecraft:gray_bed":1,"minecraft:beetroot_seeds":2,"minecraft:egg":1,"minecraft:waxed_oxidized_cut_copper_slab":1,"minecraft:diorite":9,"minecraft:diamond_boots":1,"minecraft:stone_pickaxe":77,"minecraft:oak_planks":86,"minecraft:blackstone":5,"minecraft:wooden_pickaxe":12,"minecraft:sandstone":1,"minecraft:sand":13,"minecraft:blast_furnace":2,"securitycraft:universal_block_remover":3,"minecraft:mangrove_door":3,"minecraft:gravel":2,"minecraft:andesite":1,"minecraft:oak_boat":1,"minecraft:white_concrete":1,"minecraft:oak_fence":1,"minecraft:iron_bars":1,"minecraft:carved_pumpkin":1,"minecraft:spruce_planks":1,"minecraft:torch":8,"minecraft:dirt":417,"iceandfire:copper_sword":3,"minecraft:nether_brick_slab":4,"minecraft:diamond_helmet":1,"minecraft:granite":5,"minecraft:iron_axe":150,"minecraft:iron_boots":1,"minecraft:bamboo":155,"minecraft:diamond_chestplate":1,"minecraft:soul_soil":1,"minecraft:cobbled_deepslate":228,"minecraft:golden_axe":7,"minecraft:calcite":5,"minecraft:wheat_seeds":7,"securitycraft:reinforced_cobblestone":2,"minecraft:red_nether_bricks":5,"minecraft:spruce_sign":1,"minecraft:waxed_copper_block":2,"minecraft:oak_slab":70,"minecraft:crafting_table":7,"minecraft:diamond_pickaxe":1316,"minecraft:diamond_shovel":146,"minecraft:iron_pickaxe":452,"minecraft:cobblestone":457,"minecraft:glass_pane":12,"minecraft:kelp":45,"minecraft:diamond_leggings":2}},"DataVersion":3465}