{"stats":{"minecraft:custom":{"lootr:looted_stat":56,"minecraft:mob_kills":10,"minecraft:animals_bred":19,"minecraft:interact_with_crafting_table":57,"minecraft:damage_dealt_resisted":50,"minecraft:leave_game":7,"minecraft:time_since_death":220547,"minecraft:climb_one_cm":925,"minecraft:damage_resisted":1850,"minecraft:damage_blocked_by_shield":141,"vampirism:amount_bitten":85,"minecraft:sprint_one_cm":604144,"minecraft:walk_one_cm":1138986,"minecraft:drop":58,"vampirism:skills_unlocked":2,"minecraft:talked_to_villager":1,"minecraft:play_time":466115,"minecraft:deaths":2,"minecraft:sneak_time":4215,"minecraft:walk_under_water_one_cm":163395,"minecraft:boat_one_cm":296788,"minecraft:jump":3113,"minecraft:interact_with_blast_furnace":10,"minecraft:walk_on_water_one_cm":77142,"minecraft:total_world_time":466115,"vampirism:blood_drunk":17200,"minecraft:interact_with_furnace":65,"minecraft:interact_with_cartography_table":1,"vampirism:interact_with_research_table":1,"minecraft:sleep_in_bed":1,"minecraft:time_since_rest":220549,"minecraft:waystone_activated":1,"vampirism:resurrected":1,"minecraft:damage_taken":100922,"minecraft:trigger_trapped_chest":6,"minecraft:damage_dealt":2530,"minecraft:swim_one_cm":78908,"minecraft:fly_one_cm":353843,"minecraft:open_chest":85,"minecraft:crouch_one_cm":6023,"minecraft:interact_with_smoker":1,"minecraft:fall_one_cm":73288},"minecraft:killed_by":{"minecraft:player":1,"iceandfire:ghost":1},"minecraft:killed":{"minecraft:spider":2,"minecraft:phantom":1,"minecraft:skeleton":1,"artifacts:mimic":1,"iceandfire:ghost":1,"minecraft:mooshroom":2},"minecraft:picked_up":{"minecraft:crafting_table":5,"minecraft:clay_ball":4,"minecraft:brown_mushroom":31,"minecraft:lead":2,"minecraft:wooden_pickaxe":1,"vampirism:heart_striker_enhanced":1,"minecraft:music_disc_cat":1,"minecraft:string":4,"minecraft:oak_trapdoor":1,"minecraft:soul_soil":2,"minecraft:raw_copper":157,"minecraft:red_nether_bricks":5,"minecraft:item_frame":1,"minecraft:blackstone":12,"minecraft:cyan_carpet":1,"minecraft:oak_sign":2,"iceandfire:ghost_ingot":1,"minecraft:cobbled_deepslate":227,"minecraft:spruce_planks":1,"minecraft:beef":7,"minecraft:player_head":2,"minecraft:calcite":5,"minecraft:birch_sapling":1,"minecraft:phantom_membrane":1,"minecraft:furnace":1,"minecraft:stick":1,"minecraft:raw_iron":46,"minecraft:sandstone":21,"minecraft:stripped_mangrove_wood":4,"minecraft:raw_gold_block":2,"minecraft:torch":3,"minecraft:diorite":19,"minecraft:carrot":4,"minecraft:redstone":27,"minecraft:dark_oak_planks":1,"minecraft:tnt":19,"minecraft:rotten_flesh":3,"minecraft:arrow":3,"vampirism:blood_bottle":1,"minecraft:beetroot_seeds":2,"minecraft:diamond_boots":1,"minecraft:hay_block":17,"minecraft:carved_pumpkin":1,"minecraft:gold_ingot":9,"minecraft:mangrove_door":1,"minecraft:snowball":144,"dedsafio3:nutri_totem":2,"minecraft:obsidian":5,"minecraft:iron_bars":1,"minecraft:cobblestone":1008,"iceandfire:dragonegg_green":1,"minecraft:magma_block":8,"minecraft:glow_ink_sac":3,"minecraft:andesite":1,"minecraft:red_mushroom":14,"minecraft:leather":10,"minecraft:dark_oak_boat":1,"artifacts:thorn_pendant":1,"minecraft:potato":1,"minecraft:filled_map":3,"minecraft:tuff":4,"minecraft:oak_log":11,"minecraft:waxed_copper_block":2,"iceandfire:ectoplasm":1,"minecraft:lapis_lazuli":33,"minecraft:dirt":464,"securitycraft:reinforced_stone_button":17,"minecraft:bone":2,"minecraft:kelp":83,"minecraft:bow":2,"minecraft:wheat_seeds":8,"minecraft:raw_gold":14,"minecraft:stone_pickaxe":3,"minecraft:iron_ingot":64,"minecraft:cooked_chicken":6,"minecraft:mangrove_fence_gate":1,"minecraft:diamond_helmet":1,"minecraft:bamboo":203,"minecraft:gray_bed":1,"minecraft:oak_planks":83,"minecraft:soul_sand":1,"minecraft:book":6,"vampirism:pure_salt":4,"minecraft:oak_slab":19,"minecraft:emerald_block":1,"minecraft:gravel":2,"minecraft:sand":41,"minecraft:blast_furnace":2,"minecraft:nether_brick_slab":4,"minecraft:spider_eye":1,"artifacts:scarf_of_invisibility":2,"vampirism:hunter_axe_ultimate":1,"minecraft:dark_oak_log":3,"minecraft:diamond_shovel":1,"minecraft:slime_ball":10,"minecraft:diamond":25,"iceandfire:lectern":1,"minecraft:granite":65,"minecraft:oak_sapling":4,"minecraft:golden_apple":2,"minecraft:white_concrete":1,"minecraft:spruce_sign":1,"dedsafio3:dedita":5,"minecraft:emerald":4,"minecraft:waxed_oxidized_cut_copper_slab":1,"minecraft:damaged_anvil":1,"minecraft:coal":104},"minecraft:dropped":{"minecraft:iron_ingot":1,"minecraft:oak_slab":24,"minecraft:brown_mushroom":25,"minecraft:tnt":38,"vampirism:pure_salt":4,"iceandfire:ectoplasm":3,"minecraft:copper_ingot":128,"vampirism:amulet":1,"minecraft:golden_apple":2,"minecraft:stick":5,"minecraft:dirt":64,"minecraft:snowball":128,"minecraft:smooth_stone":64,"minecraft:cooked_chicken":6,"vampirism:holy_water_bottle_normal":1,"vampirism:holy_water_bottle_enhanced":1,"minecraft:oak_planks":48,"minecraft:filled_map":3,"iceandfire:copper_sword":1,"minecraft:beetroot_seeds":4,"minecraft:chainmail_boots":1,"vampirism:hunter_axe_ultimate":2,"minecraft:leather_leggings":1,"minecraft:bow":1,"minecraft:stone_pickaxe":4,"minecraft:wooden_pickaxe":1,"artifacts:scarf_of_invisibility":1,"iceandfire:manuscript":4},"minecraft:used":{"iceandfire:lectern":1,"minecraft:iron_bars":1,"minecraft:iron_shovel":330,"minecraft:carved_pumpkin":1,"minecraft:shield":3,"minecraft:oak_sign":2,"minecraft:mangrove_fence_gate":2,"minecraft:chest":4,"minecraft:spruce_planks":1,"minecraft:stone":3,"minecraft:iron_sword":68,"vampirism:blood_container":1,"minecraft:player_head":1,"minecraft:soul_sand":1,"minecraft:torch":7,"minecraft:dirt":306,"iceandfire:copper_sword":3,"securitycraft:keypad_item":2,"minecraft:nether_brick_slab":4,"minecraft:tuff":4,"minecraft:snowball":16,"minecraft:granite":5,"minecraft:glass":4,"minecraft:iron_axe":124,"minecraft:iron_boots":1,"minecraft:item_frame":1,"minecraft:bamboo":139,"minecraft:magma_block":4,"minecraft:dark_oak_boat":2,"minecraft:soul_soil":1,"minecraft:oak_sapling":4,"minecraft:furnace":2,"minecraft:gray_bed":1,"minecraft:beetroot_seeds":2,"minecraft:cobbled_deepslate":227,"minecraft:golden_axe":7,"minecraft:calcite":5,"minecraft:wheat_seeds":7,"minecraft:waxed_oxidized_cut_copper_slab":1,"minecraft:diorite":8,"minecraft:stone_pickaxe":77,"minecraft:oak_planks":86,"minecraft:red_nether_bricks":5,"minecraft:blackstone":5,"minecraft:wooden_pickaxe":12,"minecraft:sandstone":1,"minecraft:spruce_sign":1,"minecraft:waxed_copper_block":2,"minecraft:sand":13,"minecraft:oak_slab":70,"minecraft:blast_furnace":2,"minecraft:crafting_table":7,"minecraft:diamond_pickaxe":707,"minecraft:diamond_shovel":88,"minecraft:mangrove_door":2,"minecraft:iron_pickaxe":451,"minecraft:gravel":2,"minecraft:cobblestone":296,"minecraft:andesite":1,"minecraft:glass_pane":12,"minecraft:oak_boat":1,"minecraft:diamond_leggings":1,"minecraft:white_concrete":1,"minecraft:kelp":45},"minecraft:broken":{"minecraft:iron_shovel":1,"minecraft:iron_pickaxe":1},"minecraft:crafted":{"minecraft:smooth_stone":94,"minecraft:oak_planks":172,"minecraft:dark_oak_boat":1,"minecraft:mangrove_fence_gate":1,"minecraft:furnace":1,"minecraft:stone_button":17,"minecraft:stone":185,"securitycraft:keypad_item":2,"minecraft:heavy_weighted_pressure_plate":2,"minecraft:glass_pane":16,"securitycraft:laser_block":1,"minecraft:quartz_block":14,"minecraft:glass":20,"minecraft:diamond_leggings":1,"minecraft:iron_boots":1,"minecraft:iron_axe":1,"minecraft:stone_pickaxe":2,"minecraft:chest":5,"minecraft:redstone_block":1,"minecraft:dark_oak_planks":12,"sophisticatedbackpacks:iron_backpack":1,"minecraft:wheat":81,"minecraft:glass_bottle":3,"minecraft:oak_slab":78,"sophisticatedbackpacks:backpack":1,"minecraft:emerald":9,"minecraft:crafting_table":2,"minecraft:wooden_pickaxe":1,"minecraft:mangrove_door":3,"minecraft:copper_ingot":128,"minecraft:mangrove_planks":8,"minecraft:air":0,"minecraft:oak_boat":1,"minecraft:shield":1,"minecraft:raw_gold":18,"minecraft:stick":28,"minecraft:iron_ingot":23,"minecraft:iron_pickaxe":2,"minecraft:iron_shovel":2,"minecraft:gold_ingot":18,"vampirism:blood_container":1,"minecraft:torch":12,"securitycraft:universal_block_reinforcer_lvl1":1,"minecraft:diamond_chestplate":1},"minecraft:mined":{"minecraft:dark_oak_planks":2,"minecraft:tuff":4,"iceandfire:graveyard_soil":1,"minecraft:deepslate_diamond_ore":5,"minecraft:black_terracotta":2,"minecraft:dark_oak_log":2,"minecraft:red_nether_bricks":7,"minecraft:granite":65,"minecraft:mangrove_door":1,"minecraft:grass_block":5,"iceandfire:lectern":1,"minecraft:brown_mushroom_block":33,"minecraft:soul_soil":1,"minecraft:kelp":7,"minecraft:moss_block":1,"minecraft:sandstone":11,"minecraft:spawner":4,"minecraft:large_fern":1,"minecraft:magma_block":3,"minecraft:furnace":2,"minecraft:carrots":4,"minecraft:dark_oak_trapdoor":1,"minecraft:iron_ore":19,"minecraft:cobbled_deepslate":29,"minecraft:waxed_oxidized_cut_copper_slab":1,"minecraft:andesite":1,"minecraft:bookshelf":2,"minecraft:potatoes":1,"minecraft:oak_sign":2,"minecraft:deepslate_iron_ore":1,"minecraft:vine":2,"minecraft:iron_bars":1,"minecraft:stripped_mangrove_wood":2,"minecraft:stone":756,"minecraft:player_head":2,"minecraft:deepslate_redstone_ore":6,"minecraft:oak_slab":14,"minecraft:brown_mushroom":9,"minecraft:blackstone":15,"minecraft:kelp_plant":6,"minecraft:snow_block":88,"minecraft:clay":1,"minecraft:crafting_table":5,"minecraft:blast_furnace":1,"minecraft:emerald_ore":4,"minecraft:calcite":6,"minecraft:nether_brick_slab":4,"minecraft:mushroom_stem":11,"minecraft:copper_ore":40,"minecraft:tall_grass":3,"minecraft:glass":4,"minecraft:mangrove_fence_gate":1,"minecraft:cobblestone":93,"minecraft:oak_planks":15,"minecraft:damaged_anvil":1,"minecraft:diorite":19,"minecraft:cyan_wool":1,"minecraft:purple_bed":2,"minecraft:wheat":7,"minecraft:waxed_copper_block":2,"minecraft:grass":2,"minecraft:oak_log":12,"minecraft:coal_ore":19,"minecraft:mycelium":151,"minecraft:beetroots":2,"minecraft:cyan_carpet":1,"minecraft:gravel":1,"minecraft:dirt":202,"minecraft:sand":66,"minecraft:gray_carpet":1,"minecraft:red_mushroom_block":45,"minecraft:oak_leaves":5,"minecraft:deepslate":65,"minecraft:emerald_block":1}},"DataVersion":3465}