{"stats":{"minecraft:custom":{"lootr:looted_stat":77,"minecraft:animals_bred":43,"minecraft:interact_with_crafting_table":49,"minecraft:bell_ring":25,"minecraft:leave_game":7,"minecraft:time_since_death":81690,"minecraft:damage_resisted":1625,"minecraft:sprint_one_cm":875929,"minecraft:drop":127,"minecraft:play_time":399402,"minecraft:deaths":2,"minecraft:jump":6542,"minecraft:walk_on_water_one_cm":106527,"minecraft:interact_with_furnace":40,"vampirism:interact_with_research_table":1,"minecraft:sleep_in_bed":2,"minecraft:waystone_activated":1,"minecraft:open_enderchest":5,"vampirism:tasks_accepted":2,"minecraft:damage_dealt":12336,"minecraft:player_kills":1,"minecraft:crouch_one_cm":29791,"minecraft:mob_kills":45,"minecraft:damage_dealt_resisted":128,"minecraft:climb_one_cm":4928,"vampirism:amount_bitten":153,"minecraft:walk_one_cm":1235563,"vampirism:skills_unlocked":2,"minecraft:sneak_time":9483,"minecraft:walk_under_water_one_cm":131815,"minecraft:boat_one_cm":379438,"minecraft:interact_with_blast_furnace":5,"minecraft:total_world_time":399402,"vampirism:blood_drunk":29400,"minecraft:time_since_rest":81693,"vampirism:resurrected":1,"minecraft:damage_taken":102904,"minecraft:trigger_trapped_chest":2,"minecraft:swim_one_cm":281943,"minecraft:fly_one_cm":1237431,"minecraft:open_chest":59,"minecraft:fall_one_cm":181928},"minecraft:killed_by":{"minecraft:player":1},"minecraft:killed":{"minecraft:skeleton":1,"artifacts:mimic":1,"minecraft:pig":1,"iceandfire:cockatrice":2,"minecraft:sheep":1,"cataclysm:deepling_brute":1,"minecraft:mooshroom":4,"minecraft:cow":3,"iceandfire:deathworm":4,"iceandfire:hippocampus":5,"minecraft:bat":2,"iceandfire:ghost":1},"minecraft:picked_up":{"minecraft:chainmail_boots":1,"iceandfire:copper_sword":1,"minecraft:anvil":1,"minecraft:diamond_sword":2,"minecraft:potion":2,"vampirism:holy_water_bottle_normal":1,"iceandfire:manuscript":4,"minecraft:diamond_leggings":1,"minecraft:cobbled_deepslate":129,"minecraft:spruce_planks":3,"minecraft:calcite":1,"minecraft:melon_slice":3,"minecraft:furnace":1,"minecraft:stick":14,"minecraft:oak_fence":6,"minecraft:torch":7,"minecraft:spruce_stairs":1,"vampirism:holy_water_bottle_enhanced":1,"minecraft:diorite":15,"vampirism:vampire_fang":1,"vampirism:amulet":1,"vampirism:blood_bottle":2,"minecraft:tropical_fish":1,"iceandfire:deathworm_chitin_yellow":3,"minecraft:end_rod":2,"artifacts:panic_necklace":1,"minecraft:obsidian":1,"minecraft:snowball":883,"minecraft:cobblestone":832,"minecraft:magma_block":8,"minecraft:feather":1,"minecraft:andesite":2,"minecraft:flint":1,"minecraft:tuff":1,"minecraft:dirt":32,"minecraft:lapis_lazuli":29,"minecraft:bone":2,"minecraft:wheat_seeds":2,"minecraft:diamond_helmet":2,"minecraft:bamboo":566,"minecraft:oak_planks":7,"minecraft:black_terracotta":2,"minecraft:cooked_porkchop":1,"iceandfire:shiny_scales":14,"minecraft:sand":81,"minecraft:diamond":45,"minecraft:soul_lantern":1,"minecraft:granite":36,"minecraft:golden_apple":2,"minecraft:oak_sapling":18,"iceandfire:raw_silver":10,"minecraft:diamond_pickaxe":3,"iceandfire:witherbone":3,"minecraft:leather_leggings":1,"minecraft:brown_mushroom":3,"vampirism:heart_striker_enhanced":1,"minecraft:gold_block":1,"minecraft:red_bed":2,"minecraft:beef":32,"minecraft:player_head":1,"minecraft:sugar_cane":18,"minecraft:diamond_hoe":3,"minecraft:egg":1,"minecraft:raw_iron":42,"minecraft:sandstone":36,"minecraft:carrot":3,"minecraft:dark_oak_planks":1,"minecraft:tnt":36,"minecraft:diamond_chestplate":1,"minecraft:beetroot_seeds":1,"minecraft:diamond_boots":3,"minecraft:hay_block":33,"minecraft:mutton":2,"minecraft:white_wool":1,"iceandfire:dragonegg_green":2,"vampirism:item_tent":2,"minecraft:glow_ink_sac":2,"minecraft:leather":17,"minecraft:filled_map":4,"minecraft:oak_log":60,"iceandfire:ectoplasm":4,"minecraft:yellow_bed":1,"minecraft:kelp":2,"minecraft:iron_ingot":1,"minecraft:oak_fence_gate":1,"minecraft:stone_pickaxe":1,"minecraft:cooked_chicken":6,"minecraft:oak_slab":4,"minecraft:book":48,"vampirism:fire_place":1,"minecraft:dandelion":1,"minecraft:gravel":7,"iceandfire:hippocampus_fin":1,"minecraft:spruce_sapling":1,"minecraft:spruce_log":2,"vampirism:hunter_axe_ultimate":1,"vampirism:blood_container":6,"minecraft:diamond_shovel":3,"minecraft:slime_ball":8,"minecraft:stone_axe":1,"minecraft:iron_helmet":1,"minecraft:diamond_axe":2,"minecraft:stripped_dark_oak_log":1,"minecraft:coal":69},"minecraft:dropped":{"minecraft:spruce_sign":2,"minecraft:iron_sword":1,"minecraft:brown_mushroom":1,"minecraft:diamond_axe":2,"minecraft:glow_ink_sac":2,"minecraft:glass_bottle":1,"minecraft:diamond":54,"vampirism:item_tent":2,"minecraft:cobblestone_stairs":3,"minecraft:dirt":3,"artifacts:thorn_pendant":1,"minecraft:mutton":2,"iceandfire:dragonegg_green":1,"minecraft:snowball":110,"minecraft:sand":13,"minecraft:white_wool":1,"minecraft:gold_ingot":57,"minecraft:stone_axe":2,"minecraft:cooked_chicken":6,"minecraft:cobbled_deepslate":128,"vampirism:holy_water_bottle_normal":1,"minecraft:obsidian":5,"minecraft:black_terracotta":2,"minecraft:oak_planks":4,"vampirism:blood_bottle":2,"minecraft:diamond_shovel":3,"iceandfire:shiny_scales":14,"minecraft:chainmail_boots":1,"vampirism:hunter_axe_ultimate":1,"minecraft:beef":8,"minecraft:iron_ingot":64,"vampirism:pure_salt":2,"minecraft:diamond_leggings":1,"minecraft:feather":1,"minecraft:iron_helmet":2,"minecraft:cobblestone":144,"minecraft:book":48,"minecraft:granite":24,"minecraft:tropical_fish":1,"minecraft:stick":7,"minecraft:end_rod":1,"minecraft:diorite":1,"minecraft:torch":2,"minecraft:diamond_helmet":3,"minecraft:potion":1,"minecraft:dandelion":1,"minecraft:kelp":2,"vampirism:fire_place":1,"minecraft:player_head":1,"minecraft:diamond_hoe":4,"minecraft:iron_boots":1,"minecraft:filled_map":6,"minecraft:diamond_sword":2,"minecraft:hay_block":17,"iceandfire:copper_sword":1,"minecraft:diamond_chestplate":1,"minecraft:diamond_pickaxe":3,"minecraft:andesite":2,"minecraft:yellow_bed":1,"minecraft:oak_sapling":3,"minecraft:bow":1,"minecraft:bamboo":9,"minecraft:spruce_log":1,"minecraft:diamond_boots":4,"minecraft:slime_ball":1,"minecraft:sandstone":1,"minecraft:stone_pickaxe":2,"minecraft:wooden_pickaxe":1,"minecraft:calcite":1,"minecraft:magma_block":5},"minecraft:used":{"iceandfire:lectern":1,"minecraft:spruce_slab":6,"minecraft:oak_sign":3,"vampirism:heart_striker_enhanced":2,"minecraft:chest":2,"vampirism:blood_container":5,"minecraft:carrot":5,"minecraft:tuff":1,"minecraft:snowball":355,"iceandfire:dragonegg_green":2,"minecraft:spruce_boat":1,"minecraft:glass":5,"minecraft:magma_block":2,"minecraft:hay_block":7,"minecraft:furnace":3,"minecraft:oak_sapling":15,"minecraft:beetroot_seeds":1,"minecraft:egg":1,"minecraft:diorite":14,"minecraft:end_rod":1,"minecraft:stone_pickaxe":47,"minecraft:oak_planks":13,"minecraft:wooden_pickaxe":6,"minecraft:sandstone":18,"minecraft:diamond_axe":201,"minecraft:sugar_cane":6,"minecraft:sand":68,"iceandfire:silver_pickaxe":26,"minecraft:gravel":4,"minecraft:soul_lantern":1,"minecraft:diamond_sword":340,"minecraft:fire_charge":3,"minecraft:oak_fence":16,"minecraft:enchanting_table":1,"minecraft:flint_and_steel":20,"minecraft:spruce_planks":5,"minecraft:torch":145,"minecraft:dirt":23,"minecraft:spruce_stairs":1,"minecraft:granite":10,"minecraft:oak_fence_gate":2,"minecraft:dark_oak_planks":1,"minecraft:bookshelf":7,"minecraft:bamboo":557,"iceandfire:hippocampus_slapper":15,"minecraft:cobbled_deepslate":2,"minecraft:water_bucket":24,"minecraft:cobblestone_stairs":1,"minecraft:brown_mushroom":2,"minecraft:spruce_sign":4,"minecraft:cobblestone_slab":6,"minecraft:tnt":17,"minecraft:oak_slab":4,"minecraft:crafting_table":10,"minecraft:red_bed":2,"minecraft:spruce_log":1,"minecraft:diamond_pickaxe":425,"minecraft:diamond_shovel":516,"minecraft:iron_pickaxe":793,"minecraft:map":1,"minecraft:spruce_sapling":1,"minecraft:stone_axe":19,"minecraft:cobblestone":383,"minecraft:potion":1,"minecraft:cooked_porkchop":1,"minecraft:bucket":25,"minecraft:splash_potion":1},"minecraft:broken":{"minecraft:iron_pickaxe":4},"minecraft:crafted":{"iceandfire:hippocampus_slapper":1,"minecraft:oak_planks":156,"minecraft:cobblestone_slab":6,"minecraft:oak_sign":3,"iceandfire:lectern":1,"minecraft:cobblestone_stairs":4,"minecraft:bookshelf":7,"minecraft:glass":8,"minecraft:diamond_leggings":1,"minecraft:diamond_helmet":1,"minecraft:bow":1,"minecraft:chest":2,"minecraft:oak_fence":33,"minecraft:glass_bottle":3,"minecraft:diamond_axe":1,"minecraft:crafting_table":10,"minecraft:spruce_planks":60,"minecraft:wooden_pickaxe":1,"minecraft:book":7,"minecraft:paper":12,"minecraft:diamond_pickaxe":2,"minecraft:stick":92,"minecraft:iron_ingot":47,"minecraft:iron_pickaxe":3,"minecraft:gold_ingot":9,"minecraft:diamond_hoe":1,"minecraft:furnace":3,"minecraft:spruce_slab":6,"minecraft:stone_pickaxe":1,"minecraft:diamond_boots":1,"minecraft:spruce_boat":1,"minecraft:dark_oak_planks":4,"minecraft:wheat":81,"minecraft:diamond_sword":1,"iceandfire:silver_ingot":10,"minecraft:spruce_sign":6,"minecraft:enchanting_table":1,"minecraft:bucket":1,"minecraft:stone_axe":1,"minecraft:air":0,"minecraft:oak_fence_gate":1,"iceandfire:bestiary":1,"iceandfire:silver_pickaxe":1,"minecraft:torch":140,"minecraft:diamond_chestplate":1},"minecraft:mined":{"minecraft:spruce_planks":14,"iceandfire:graveyard_soil":2,"minecraft:obsidian":1,"minecraft:carved_pumpkin":1,"minecraft:granite":37,"minecraft:grass_block":36,"minecraft:spawner":2,"minecraft:tall_seagrass":1,"minecraft:magma_block":8,"minecraft:iron_ore":41,"minecraft:cobbled_deepslate":2,"minecraft:fire":15,"minecraft:anvil":1,"vampirism:tent":1,"minecraft:iron_bars":2,"minecraft:player_head":1,"minecraft:brown_mushroom":6,"minecraft:red_bed":2,"minecraft:blackstone":5,"minecraft:kelp_plant":1,"minecraft:melon":2,"minecraft:mushroom_stem":3,"minecraft:cobblestone":25,"minecraft:sugar_cane":10,"minecraft:oak_planks":7,"minecraft:wall_torch":3,"minecraft:seagrass":1,"minecraft:wheat":1,"minecraft:tnt":17,"minecraft:grass":13,"minecraft:oak_log":60,"minecraft:beetroots":1,"minecraft:oak_fence_gate":1,"minecraft:sand":140,"minecraft:dirt":69,"minecraft:red_mushroom_block":17,"minecraft:oak_leaves":82,"minecraft:deepslate":189,"minecraft:red_carpet":1,"minecraft:tuff":3,"iceandfire:silver_ore":10,"minecraft:deepslate_diamond_ore":21,"minecraft:dark_oak_log":1,"minecraft:redstone_wire":1,"minecraft:kelp":1,"minecraft:sandstone":47,"minecraft:hay_block":33,"minecraft:carrots":1,"minecraft:andesite":2,"minecraft:gold_block":1,"minecraft:bookshelf":16,"minecraft:cobblestone_slab":1,"minecraft:deepslate_iron_ore":4,"minecraft:shroomlight":1,"minecraft:bamboo":189,"minecraft:stone":771,"minecraft:oak_slab":4,"minecraft:snow_block":380,"minecraft:stripped_dark_oak_log":1,"minecraft:oak_fence":7,"minecraft:stone_slab":3,"minecraft:tall_grass":2,"minecraft:lapis_ore":4,"minecraft:diorite":15,"minecraft:spruce_stairs":1,"minecraft:coarse_dirt":2,"minecraft:spruce_log":3,"minecraft:yellow_bed":1,"vampirism:garlic":1,"minecraft:coal_ore":64,"minecraft:mycelium":6,"vampirism:fire_place":1,"minecraft:end_rod":2,"minecraft:gravel":7,"minecraft:cobweb":1,"minecraft:stripped_acacia_wood":2}},"DataVersion":3465}