{"stats":{"minecraft:picked_up":{"minecraft:iron_chestplate":1,"minecraft:potion":1,"securitycraft:reinforced_white_concrete":2,"minecraft:iron_leggings":1,"minecraft:birch_fence":1,"minecraft:beef":2,"minecraft:diamond_hoe":1,"minecraft:iron_boots":1,"minecraft:furnace":1,"minecraft:stick":3,"minecraft:glow_item_frame":5,"minecraft:copper_ingot":384,"iceandfire:deathworm_chitin_red":9,"minecraft:torch":5,"minecraft:tnt":1,"minecraft:end_rod":1,"minecraft:skeleton_skull":1,"minecraft:rail":8,"minecraft:cobblestone":1,"minecraft:glow_ink_sac":1,"minecraft:birch_slab":1,"minecraft:leather":1,"minecraft:filled_map":1,"minecraft:tuff":1,"minecraft:oak_log":2,"minecraft:gunpowder":1,"minecraft:mangrove_slab":1,"minecraft:dirt":4,"iceandfire:dragonsteel_ice_sword":1,"minecraft:red_carpet":1,"minecraft:wheat_seeds":2,"minecraft:diamond_helmet":1,"minecraft:oak_slab":1,"minecraft:red_wool":1,"minecraft:stone_brick_slab":2,"minecraft:lime_terracotta":1,"minecraft:crimson_stairs":2,"minecraft:spruce_sapling":2,"minecraft:spruce_log":3,"minecraft:grass_block":1,"minecraft:shulker_box":1,"minecraft:diamond":15,"minecraft:lever":2,"minecraft:soul_lantern":6,"minecraft:iron_helmet":1,"minecraft:oak_sapling":8},"minecraft:dropped":{"securitycraft:reinforced_white_concrete":2,"minecraft:water_bucket":1,"minecraft:oak_slab":1,"minecraft:glow_ink_sac":1,"minecraft:tnt":1,"minecraft:ender_pearl":1,"minecraft:diamond":16,"minecraft:lime_terracotta":1,"minecraft:iron_helmet":1,"minecraft:book":70,"minecraft:red_wool":1,"minecraft:grass_block":1,"minecraft:birch_slab":1,"minecraft:golden_apple":1,"minecraft:cyan_terracotta":1,"minecraft:dirt":1,"minecraft:crimson_stairs":2,"minecraft:birch_fence":1,"minecraft:white_concrete":1,"iceandfire:dragonegg_green":1,"minecraft:diamond_helmet":1,"minecraft:potion":2,"iceandfire:dragonsteel_ice_sword":1,"minecraft:mangrove_slab":1,"minecraft:spruce_sapling":1,"minecraft:stone_brick_slab":2,"minecraft:creeper_head":1,"minecraft:diamond_hoe":1,"minecraft:iron_boots":1,"vampirism:heart_striker_enhanced":2,"vampirism:holy_water_splash_bottle_ultimate":1,"minecraft:flint_and_steel":1,"minecraft:skeleton_skull":2,"minecraft:iron_chestplate":1,"minecraft:bow":1},"minecraft:killed":{"dedsafio3:casino_dedsafio":18,"minecraft:creeper":1,"iceandfire:sea_serpent":4,"minecraft:enderman":1},"minecraft:used":{"minecraft:oak_trapdoor":52,"minecraft:orange_dye":1,"minecraft:writable_book":1,"minecraft:iron_bars":12,"minecraft:flint_and_steel":13,"minecraft:dispenser":3,"minecraft:spruce_slab":3,"minecraft:redstone":15,"minecraft:oak_sign":42,"minecraft:mycelium":7,"minecraft:spruce_planks":75,"minecraft:chest":2,"minecraft:stone":1,"securitycraft:bucket_f_lava":11,"minecraft:warped_sign":2,"minecraft:red_nether_brick_stairs":266,"minecraft:quartz_stairs":162,"cataclysm:cursium_boots":1,"minecraft:torch":41,"minecraft:mooshroom_spawn_egg":2,"minecraft:spyglass":4,"minecraft:dirt":11,"minecraft:anvil":1,"minecraft:red_nether_brick_slab":91,"minecraft:orange_wool":1,"minecraft:nether_brick_slab":23,"minecraft:shulker_box":1,"minecraft:light_blue_stained_glass":20,"minecraft:nether_brick_stairs":40,"minecraft:obsidian":42,"minecraft:oak_fence_gate":2,"minecraft:milk_bucket":2,"securitycraft:reinforced_black_wool":5,"minecraft:shroomlight":14,"minecraft:stone_brick_slab":449,"minecraft:cyan_terracotta":17,"vampirism:blood_pedestal":8,"minecraft:quartz_pillar":32,"minecraft:quartz_slab":86,"minecraft:red_wool":58,"minecraft:black_stained_glass_pane":114,"minecraft:lantern":3,"minecraft:grass_block":712,"minecraft:oak_stairs":33,"minecraft:smooth_sandstone":1,"minecraft:quartz_block":316,"minecraft:red_candle":26,"minecraft:dark_oak_slab":1,"minecraft:pink_wool":1,"minecraft:stone_brick_stairs":59,"minecraft:stone_bricks":30,"minecraft:item_frame":1,"minecraft:red_nether_brick_wall":1298,"minecraft:red_stained_glass_pane":26,"minecraft:glowstone":102,"minecraft:red_carpet":20,"minecraft:redstone_lamp":1,"minecraft:bow":16,"minecraft:magenta_wool":1,"minecraft:furnace":1,"minecraft:mangrove_slab":17,"minecraft:minecart":11,"minecraft:pearlescent_froglight":75,"minecraft:red_dye":1,"minecraft:end_rod":21,"minecraft:spruce_door":1,"dedsafio3:casino_dedsafio_spawn_egg":26,"minecraft:lime_wool":5,"minecraft:mangrove_planks":8,"minecraft:oak_planks":39,"cataclysm:bloom_stone_pauldrons":2,"minecraft:blue_wool":7,"minecraft:blackstone":2,"minecraft:ender_pearl":2,"minecraft:black_glazed_terracotta":57,"minecraft:redstone_block":41,"minecraft:cobblestone_slab":1,"minecraft:red_glazed_terracotta":2,"minecraft:glow_ink_sac":4,"minecraft:glow_item_frame":76,"cataclysm:cursium_leggings":1,"minecraft:blue_dye":1,"minecraft:sand":9,"minecraft:lime_terracotta":389,"minecraft:rail":12,"minecraft:oak_slab":188,"minecraft:tnt":50,"minecraft:light_blue_wool":1,"minecraft:white_bed":2,"minecraft:lime_shulker_box":1,"minecraft:stone_brick_wall":37,"minecraft:ochre_froglight":112,"minecraft:lingering_potion":36,"minecraft:cake":2,"minecraft:birch_fence":157,"minecraft:redstone_torch":6,"minecraft:oak_log":68,"waystones:waystone":2,"minecraft:lever":7,"securitycraft:display_case":5,"minecraft:black_concrete":17,"minecraft:mangrove_door":1,"minecraft:light_gray_concrete":1,"minecraft:command_block":16,"minecraft:birch_slab":10,"minecraft:stone_button":5,"minecraft:barrier":54,"minecraft:verdant_froglight":82,"minecraft:lectern":3,"minecraft:spruce_trapdoor":44,"iceandfire:dragonsteel_ice_sword":57,"minecraft:flowering_azalea_leaves":1,"minecraft:yellow_wool":4,"minecraft:soul_lantern":99,"minecraft:crimson_sign":5,"cataclysm:draugr_head":6,"securitycraft:reinforced_white_concrete":978,"minecraft:crimson_stairs":27,"cataclysm:bone_reptile_helmet":1,"minecraft:white_concrete":181,"minecraft:purple_wool":2,"minecraft:splash_potion":22,"minecraft:experience_bottle":11},"minecraft:custom":{"minecraft:mob_kills":32,"minecraft:interact_with_anvil":1,"minecraft:open_shulker_box":4,"minecraft:eat_cake_slice":1,"minecraft:leave_game":16,"minecraft:time_since_death":63419,"minecraft:sprint_one_cm":310149,"minecraft:walk_one_cm":1286028,"minecraft:drop":79,"vampirism:interact_with_totem":2,"minecraft:play_time":629186,"minecraft:deaths":12,"minecraft:sneak_time":11249,"minecraft:walk_under_water_one_cm":93441,"minecraft:jump":6307,"minecraft:walk_on_water_one_cm":24202,"minecraft:total_world_time":629186,"vampirism:interact_with_injection_chair":2,"minecraft:interact_with_furnace":2,"minecraft:sleep_in_bed":1,"minecraft:time_since_rest":63422,"minecraft:waystone_activated":2,"minecraft:damage_taken":365,"minecraft:damage_dealt":8227,"minecraft:swim_one_cm":23773,"minecraft:fly_one_cm":2644422,"minecraft:player_kills":2,"minecraft:open_chest":23,"minecraft:crouch_one_cm":13830,"vampirism:items_filled_on_blood_pedestal":5,"minecraft:fall_one_cm":4467,"minecraft:inspect_dispenser":7}},"DataVersion":3465}