{"stats":{"minecraft:custom":{"minecraft:open_shulker_box":4,"minecraft:eat_cake_slice":1,"minecraft:leave_game":26,"minecraft:time_since_death":65632,"minecraft:damage_resisted":972,"minecraft:sprint_one_cm":639485,"minecraft:drop":111,"vampirism:interact_with_totem":2,"minecraft:talked_to_villager":5,"minecraft:play_time":1028733,"minecraft:deaths":24,"minecraft:jump":8059,"minecraft:walk_on_water_one_cm":37252,"minecraft:interact_with_furnace":4,"minecraft:sleep_in_bed":1,"minecraft:waystone_activated":2,"minecraft:damage_dealt":43906,"minecraft:player_kills":3,"minecraft:crouch_one_cm":23386,"vampirism:items_filled_on_blood_pedestal":5,"minecraft:inspect_dispenser":11,"minecraft:interact_with_anvil":5,"minecraft:mob_kills":91,"minecraft:damage_dealt_resisted":702,"minecraft:climb_one_cm":150,"minecraft:walk_one_cm":1845624,"minecraft:sneak_time":25190,"minecraft:walk_under_water_one_cm":132463,"minecraft:boat_one_cm":940,"minecraft:interact_with_lectern":4,"minecraft:total_world_time":1028733,"vampirism:interact_with_injection_chair":2,"minecraft:time_since_rest":65636,"minecraft:damage_taken":6212,"minecraft:swim_one_cm":46199,"minecraft:fly_one_cm":6380264,"minecraft:open_chest":52,"minecraft:aviate_one_cm":29885,"minecraft:fall_one_cm":18683},"minecraft:killed_by":{"dedsafio3:tortuga_infernal":1,"minecraft:player":2,"dedsafio3:hydra":1,"dedsafio3:creeper_warden":1,"dedsafio3:revil":1},"minecraft:killed":{"dedsafio3:revil":1,"minecraft:skeleton":2,"dedsafio3:tortuga_infernal":14,"dedsafio3:bat_warden":1,"dedsafio3:creeper_warden":1,"minecraft:pig":1,"minecraft:creeper":1,"minecraft:zombie":7,"minecraft:mooshroom":27,"iceandfire:sea_serpent":4,"dedsafio3:gorgona":1,"minecraft:warden":1,"dedsafio3:casino_dedsafio":18,"dedsafio3:hydra":1,"minecraft:enderman":3},"minecraft:picked_up":{"minecraft:iron_chestplate":1,"minecraft:lead":2,"minecraft:potion":1,"securitycraft:reinforced_white_concrete":2,"minecraft:iron_leggings":4,"minecraft:oak_sign":1,"minecraft:smooth_stone":64,"minecraft:cobbled_deepslate":63,"minecraft:spruce_planks":1,"minecraft:iron_boots":4,"minecraft:furnace":1,"minecraft:blue_wool":1,"minecraft:stick":3,"minecraft:torch":6,"minecraft:porkchop":7,"minecraft:diorite":10,"minecraft:rotten_flesh":4,"minecraft:end_rod":1,"minecraft:snowball":368,"vampirism:heart_seeker_enhanced":1,"minecraft:cobblestone":108,"minecraft:leather_chestplate":3,"minecraft:birch_slab":1,"minecraft:andesite":58,"minecraft:flint":1,"minecraft:tuff":1,"vampirism:vampire_cloak_red_black":1,"minecraft:dirt":97,"minecraft:mangrove_slab":1,"iceandfire:dragonsteel_ice_sword":1,"minecraft:bone":2,"minecraft:wheat_seeds":2,"minecraft:diamond_helmet":1,"minecraft:bamboo":105,"minecraft:oak_planks":1,"securitycraft:mine":1,"minecraft:lime_terracotta":1,"minecraft:grass_block":2,"minecraft:shulker_box":1,"minecraft:diamond":15,"minecraft:soul_lantern":6,"minecraft:lever":8,"minecraft:granite":8,"minecraft:oak_sapling":8,"minecraft:brown_mushroom":1,"iceandfire:chain":2,"minecraft:netherite_scrap":14,"minecraft:birch_fence":1,"minecraft:beef":55,"minecraft:diamond_hoe":1,"minecraft:glow_item_frame":5,"iceandfire:deathworm_chitin_red":9,"minecraft:copper_ingot":512,"minecraft:redstone":2,"minecraft:tnt":1,"minecraft:arrow":2,"minecraft:skeleton_skull":1,"minecraft:rail":8,"minecraft:glow_ink_sac":1,"minecraft:leather":20,"minecraft:red_mushroom":14,"minecraft:filled_map":1,"minecraft:oak_log":2,"minecraft:gunpowder":1,"minecraft:paper":4,"minecraft:red_carpet":1,"dedsafio3:blood_medusa":1,"minecraft:oak_slab":1,"minecraft:stone_brick_slab":2,"minecraft:red_wool":3,"minecraft:gravel":8,"minecraft:crimson_stairs":2,"minecraft:spruce_sapling":2,"minecraft:spruce_log":3,"minecraft:diamond_shovel":4,"minecraft:iron_helmet":4,"securitycraft:door_indestructible_iron_item":1,"minecraft:ender_pearl":1},"minecraft:used":{"minecraft:orange_dye":1,"minecraft:writable_book":3,"dedsafio3:revil_spawn_egg":1,"minecraft:spruce_slab":3,"minecraft:dispenser":3,"minecraft:elytra":1,"minecraft:oak_sign":71,"minecraft:chest":15,"minecraft:stone":103,"minecraft:zombie_spawn_egg":1,"securitycraft:security_camera":15,"minecraft:warped_sign":2,"minecraft:red_nether_brick_stairs":266,"minecraft:quartz_stairs":162,"minecraft:mooshroom_spawn_egg":2,"minecraft:skeleton_spawn_egg":1,"minecraft:orange_wool":1,"minecraft:snowball":519,"minecraft:weeping_vines":22,"minecraft:milk_bucket":3,"minecraft:obsidian":332,"securitycraft:camera_monitor":14,"minecraft:cyan_terracotta":35,"minecraft:lava_bucket":65,"securitycraft:reinforced_crimson_slab":3,"minecraft:quartz_pillar":32,"minecraft:red_wool":58,"minecraft:quartz_slab":86,"minecraft:black_stained_glass_pane":114,"minecraft:lantern":3,"minecraft:grass_block":724,"minecraft:polished_andesite_stairs":8,"minecraft:quartz_block":316,"minecraft:dark_oak_slab":1,"minecraft:pink_wool":1,"minecraft:stone_brick_stairs":59,"minecraft:stone_bricks":30,"minecraft:item_frame":1,"minecraft:bedrock":206,"minecraft:red_carpet":20,"minecraft:red_stained_glass_pane":26,"minecraft:repeater":13,"minecraft:redstone_lamp":2,"minecraft:red_nether_brick_wall":1298,"minecraft:magma_block":6,"minecraft:bow":16,"minecraft:furnace":1,"minecraft:mangrove_slab":17,"minecraft:pearlescent_froglight":79,"minecraft:end_rod":21,"minecraft:spruce_door":1,"securitycraft:door_indestructible_iron_item":8,"minecraft:mangrove_planks":8,"minecraft:oak_planks":55,"minecraft:blackstone":376,"minecraft:ender_pearl":3,"minecraft:black_glazed_terracotta":68,"minecraft:redstone_block":41,"cataclysm:cursium_leggings":1,"minecraft:blue_dye":2,"minecraft:sand":9,"minecraft:light_blue_wool":1,"dedsafio3:rana_gigante_spawn_egg":6,"vampirism:stake":3,"minecraft:ochre_froglight":112,"minecraft:lingering_potion":38,"minecraft:stone_brick_wall":37,"minecraft:birch_fence":157,"minecraft:redstone_torch":6,"waystones:waystone":2,"minecraft:lever":25,"minecraft:black_concrete":720,"minecraft:firework_rocket":123,"minecraft:mangrove_door":1,"dedsafio3:taxi_23_spawn_egg":1,"minecraft:light_gray_concrete":1,"minecraft:birch_slab":10,"minecraft:barrier":54,"minecraft:verdant_froglight":82,"minecraft:stone_button":12,"minecraft:lectern":3,"securitycraft:reinforced_iron_block":1155,"vampirism:vampire_spawn_egg":10,"minecraft:flowering_azalea_leaves":1,"minecraft:soul_lantern":99,"cataclysm:draugr_head":6,"minecraft:diamond_sword":8,"dedsafio3:tortuga_infernal_spawn_egg":14,"dedsafio3:hydra_spawn_egg":1,"minecraft:andesite":2,"minecraft:white_concrete":181,"minecraft:purple_wool":2,"minecraft:bone_meal":129,"minecraft:experience_bottle":54,"minecraft:oak_trapdoor":52,"dedsafio3:espacial_armor_azul_helmet":1,"minecraft:iron_bars":12,"minecraft:crimson_fence":50,"minecraft:flint_and_steel":15,"minecraft:redstone":65,"minecraft:pufferfish_spawn_egg":1,"minecraft:mycelium":7,"minecraft:spruce_planks":76,"minecraft:ender_chest":6,"securitycraft:bucket_f_lava":11,"securitycraft:keypad_door_item":3,"minecraft:netherrack":7,"cataclysm:cursium_boots":1,"minecraft:torch":44,"minecraft:red_nether_brick_slab":91,"minecraft:dirt":11,"minecraft:spyglass":4,"minecraft:anvil":5,"minecraft:white_carpet":2,"minecraft:crimson_hyphae":41,"minecraft:stone_stairs":12,"minecraft:nether_brick_slab":23,"minecraft:shulker_box":1,"minecraft:spruce_fence":1,"minecraft:light_blue_stained_glass":20,"minecraft:nether_brick_stairs":40,"minecraft:oak_fence_gate":2,"securitycraft:reinforced_black_wool":5,"minecraft:shroomlight":19,"minecraft:stone_brick_slab":449,"minecraft:sea_lantern":91,"vampirism:blood_pedestal":8,"minecraft:oak_stairs":33,"minecraft:smooth_sandstone":1,"minecraft:crimson_slab":29,"minecraft:red_candle":26,"minecraft:lime_dye":1,"minecraft:crimson_planks":56,"minecraft:basalt":5,"minecraft:glowstone":103,"minecraft:magenta_wool":1,"minecraft:minecart":11,"minecraft:netherite_pickaxe":297,"dedsafio3:gorgona_spawn_egg":1,"minecraft:red_dye":2,"securitycraft:stone_mine":279,"minecraft:water_bucket":3,"dedsafio3:casino_dedsafio_spawn_egg":26,"minecraft:snow_block":235,"dedsafio3:bat_warden_spawn_egg":1,"minecraft:lime_wool":5,"cataclysm:bloom_stone_pauldrons":2,"minecraft:blue_wool":7,"minecraft:red_glazed_terracotta":2,"minecraft:glow_ink_sac":14,"minecraft:cobblestone_slab":1,"dedsafio3:creeper_warden_spawn_egg":2,"minecraft:glow_item_frame":76,"minecraft:lime_terracotta":389,"minecraft:rail":12,"minecraft:oak_slab":188,"minecraft:tnt":50,"minecraft:crimson_trapdoor":98,"minecraft:birch_sign":4,"minecraft:campfire":87,"minecraft:white_bed":2,"minecraft:lime_shulker_box":1,"minecraft:cake":2,"minecraft:oak_log":68,"dedsafio3:nave_espacial_spawn_egg":1,"minecraft:yellow_dye":4,"securitycraft:display_case":5,"minecraft:light":319,"minecraft:command_block":61,"minecraft:pig_spawn_egg":2,"dedsafio3:espacial_armor_azul_leggings":1,"minecraft:spruce_trapdoor":47,"iceandfire:dragonsteel_ice_sword":239,"minecraft:crimson_nylium":44,"minecraft:yellow_wool":4,"cataclysm:gauntlet_of_maelstrom":3,"minecraft:crimson_sign":5,"dedsafio3:espacial_armor_azul_chestplate":1,"minecraft:crimson_fungus":20,"minecraft:crimson_stairs":101,"securitycraft:reinforced_white_concrete":978,"securitycraft:reinforced_sea_lantern":217,"dedsafio3:espacial_armor_azul_boots":1,"minecraft:polished_blackstone_button":1,"cataclysm:bone_reptile_helmet":1,"minecraft:splash_potion":83},"minecraft:dropped":{"securitycraft:reinforced_white_concrete":2,"minecraft:soul_sand":1,"minecraft:porkchop":2,"minecraft:glow_ink_sac":1,"minecraft:ender_pearl":1,"minecraft:diamond":16,"vampirism:heart_seeker_enhanced":1,"minecraft:lime_terracotta":1,"minecraft:leather":19,"minecraft:red_wool":1,"minecraft:birch_slab":1,"minecraft:cyan_terracotta":1,"minecraft:dirt":1,"minecraft:birch_fence":1,"iceandfire:dragonegg_green":1,"iceandfire:dragonsteel_ice_sword":1,"dedsafio3:portable_anvil":2,"minecraft:mangrove_slab":1,"cataclysm:void_assault_shoulder_weapon":1,"minecraft:diamond_shovel":6,"minecraft:skeleton_skull":2,"minecraft:beef":53,"minecraft:water_bucket":1,"minecraft:oak_slab":1,"minecraft:tnt":1,"minecraft:iron_helmet":1,"minecraft:barrier":1,"minecraft:lead":2,"minecraft:book":70,"minecraft:grass_block":1,"minecraft:golden_apple":5,"vampirism:vampire_cloak_red_black":1,"minecraft:crimson_stairs":2,"minecraft:white_concrete":1,"dedsafio3:nutri_totem":4,"minecraft:diamond_helmet":1,"minecraft:potion":2,"minecraft:spruce_sapling":1,"minecraft:stone_brick_slab":2,"minecraft:redstone":1,"minecraft:creeper_head":1,"minecraft:soul_soil":1,"minecraft:diamond_hoe":1,"minecraft:iron_boots":1,"vampirism:heart_striker_enhanced":2,"vampirism:holy_water_splash_bottle_ultimate":1,"minecraft:flint_and_steel":1,"minecraft:iron_chestplate":1,"dedsafio3:totem_eon":1,"dedsafio3:dedita":47,"minecraft:bow":1},"minecraft:mined":{"minecraft:granite":8,"minecraft:fire":9,"minecraft:oak_planks":1,"minecraft:dirt":5,"minecraft:deepslate":64,"minecraft:andesite":46,"minecraft:bamboo":9,"minecraft:stone":159,"minecraft:diorite":10,"minecraft:mycelium":1,"minecraft:gravel":7}},"DataVersion":3465}