{"stats":{"minecraft:killed_by":{"minecraft:player":2},"minecraft:killed":{"minecraft:warden":1,"dedsafio3:casino_dedsafio":18,"minecraft:creeper":1,"minecraft:zombie":6,"minecraft:enderman":3,"iceandfire:sea_serpent":4},"minecraft:custom":{"minecraft:mob_kills":41,"minecraft:interact_with_anvil":5,"minecraft:open_shulker_box":4,"minecraft:eat_cake_slice":1,"minecraft:leave_game":25,"minecraft:time_since_death":90145,"minecraft:climb_one_cm":150,"minecraft:damage_resisted":972,"minecraft:sprint_one_cm":464652,"minecraft:walk_one_cm":1517832,"vampirism:interact_with_totem":2,"minecraft:drop":97,"minecraft:talked_to_villager":1,"minecraft:play_time":881353,"minecraft:deaths":18,"minecraft:sneak_time":22187,"minecraft:walk_under_water_one_cm":117760,"minecraft:interact_with_lectern":3,"minecraft:jump":7288,"minecraft:walk_on_water_one_cm":30677,"minecraft:total_world_time":881353,"vampirism:interact_with_injection_chair":2,"minecraft:interact_with_furnace":4,"minecraft:sleep_in_bed":1,"minecraft:time_since_rest":94686,"minecraft:waystone_activated":2,"minecraft:damage_taken":3597,"minecraft:damage_dealt":15304,"minecraft:swim_one_cm":43644,"minecraft:fly_one_cm":5351699,"minecraft:player_kills":3,"minecraft:open_chest":45,"minecraft:crouch_one_cm":20861,"vampirism:items_filled_on_blood_pedestal":5,"minecraft:fall_one_cm":14832,"minecraft:inspect_dispenser":11},"minecraft:dropped":{"securitycraft:reinforced_white_concrete":2,"minecraft:water_bucket":1,"minecraft:oak_slab":1,"minecraft:soul_sand":1,"minecraft:porkchop":2,"minecraft:glow_ink_sac":1,"minecraft:tnt":1,"minecraft:ender_pearl":1,"minecraft:diamond":16,"minecraft:lime_terracotta":1,"minecraft:barrier":1,"minecraft:iron_helmet":1,"minecraft:book":70,"minecraft:red_wool":1,"minecraft:grass_block":1,"minecraft:birch_slab":1,"minecraft:golden_apple":5,"minecraft:cyan_terracotta":1,"minecraft:dirt":1,"minecraft:crimson_stairs":2,"minecraft:birch_fence":1,"minecraft:white_concrete":1,"iceandfire:dragonegg_green":1,"dedsafio3:nutri_totem":3,"minecraft:diamond_helmet":1,"minecraft:potion":2,"iceandfire:dragonsteel_ice_sword":1,"minecraft:mangrove_slab":1,"minecraft:spruce_sapling":1,"minecraft:stone_brick_slab":2,"minecraft:creeper_head":1,"minecraft:soul_soil":1,"minecraft:diamond_hoe":1,"minecraft:iron_boots":1,"minecraft:diamond_shovel":6,"vampirism:heart_striker_enhanced":2,"vampirism:holy_water_splash_bottle_ultimate":1,"minecraft:flint_and_steel":1,"minecraft:skeleton_skull":2,"minecraft:iron_chestplate":1,"dedsafio3:dedita":24,"minecraft:bow":1},"minecraft:picked_up":{"minecraft:iron_chestplate":1,"minecraft:brown_mushroom":1,"minecraft:potion":1,"securitycraft:reinforced_white_concrete":2,"minecraft:iron_leggings":4,"minecraft:birch_fence":1,"minecraft:smooth_stone":64,"minecraft:spruce_planks":1,"minecraft:beef":2,"minecraft:diamond_hoe":1,"minecraft:iron_boots":4,"minecraft:furnace":1,"minecraft:blue_wool":1,"minecraft:stick":3,"minecraft:glow_item_frame":5,"minecraft:copper_ingot":512,"iceandfire:deathworm_chitin_red":9,"minecraft:torch":6,"minecraft:porkchop":4,"minecraft:tnt":1,"minecraft:rotten_flesh":2,"minecraft:end_rod":1,"minecraft:snowball":368,"minecraft:skeleton_skull":1,"minecraft:rail":8,"minecraft:cobblestone":17,"minecraft:leather_chestplate":3,"minecraft:glow_ink_sac":1,"minecraft:birch_slab":1,"minecraft:leather":1,"minecraft:red_mushroom":14,"minecraft:filled_map":1,"minecraft:tuff":1,"minecraft:oak_log":2,"minecraft:gunpowder":1,"iceandfire:dragonsteel_ice_sword":1,"minecraft:mangrove_slab":1,"minecraft:dirt":87,"minecraft:paper":4,"minecraft:red_carpet":1,"minecraft:wheat_seeds":2,"minecraft:diamond_helmet":1,"minecraft:bamboo":105,"minecraft:oak_slab":1,"securitycraft:mine":1,"minecraft:stone_brick_slab":2,"minecraft:red_wool":3,"minecraft:lime_terracotta":1,"minecraft:crimson_stairs":2,"minecraft:spruce_sapling":2,"minecraft:grass_block":2,"minecraft:spruce_log":3,"minecraft:shulker_box":1,"minecraft:diamond_shovel":4,"minecraft:diamond":15,"minecraft:lever":5,"minecraft:soul_lantern":6,"minecraft:iron_helmet":4,"minecraft:oak_sapling":8,"minecraft:ender_pearl":1},"minecraft:mined":{"minecraft:fire":9,"minecraft:bamboo":9,"minecraft:mycelium":1},"minecraft:used":{"minecraft:oak_trapdoor":52,"minecraft:orange_dye":1,"dedsafio3:espacial_armor_azul_helmet":1,"minecraft:iron_bars":12,"minecraft:writable_book":3,"minecraft:crimson_fence":50,"minecraft:flint_and_steel":15,"minecraft:dispenser":3,"minecraft:spruce_slab":3,"minecraft:redstone":41,"minecraft:oak_sign":66,"minecraft:mycelium":7,"minecraft:spruce_planks":75,"minecraft:chest":15,"minecraft:ender_chest":6,"securitycraft:bucket_f_lava":11,"minecraft:stone":85,"minecraft:red_nether_brick_stairs":266,"minecraft:warped_sign":2,"minecraft:quartz_stairs":162,"minecraft:netherrack":7,"cataclysm:cursium_boots":1,"minecraft:torch":44,"minecraft:mooshroom_spawn_egg":2,"minecraft:spyglass":4,"minecraft:dirt":11,"minecraft:anvil":5,"minecraft:red_nether_brick_slab":91,"minecraft:skeleton_spawn_egg":1,"minecraft:crimson_hyphae":41,"minecraft:orange_wool":1,"minecraft:stone_stairs":12,"minecraft:nether_brick_slab":23,"minecraft:shulker_box":1,"minecraft:obsidian":299,"minecraft:snowball":519,"minecraft:light_blue_stained_glass":20,"minecraft:weeping_vines":22,"minecraft:nether_brick_stairs":40,"securitycraft:reinforced_black_wool":5,"minecraft:oak_fence_gate":2,"minecraft:milk_bucket":2,"minecraft:shroomlight":19,"minecraft:stone_brick_slab":449,"vampirism:blood_pedestal":8,"minecraft:sea_lantern":1,"minecraft:lava_bucket":65,"minecraft:cyan_terracotta":35,"securitycraft:reinforced_crimson_slab":3,"minecraft:quartz_pillar":32,"minecraft:quartz_slab":86,"minecraft:red_wool":58,"minecraft:black_stained_glass_pane":114,"minecraft:lantern":3,"minecraft:grass_block":724,"minecraft:oak_stairs":33,"minecraft:smooth_sandstone":1,"minecraft:polished_andesite_stairs":8,"minecraft:quartz_block":316,"minecraft:crimson_slab":29,"minecraft:red_candle":26,"minecraft:dark_oak_slab":1,"minecraft:lime_dye":1,"minecraft:pink_wool":1,"minecraft:crimson_planks":56,"minecraft:stone_brick_stairs":59,"minecraft:stone_bricks":30,"minecraft:item_frame":1,"minecraft:bedrock":184,"minecraft:repeater":7,"minecraft:red_nether_brick_wall":1298,"minecraft:basalt":5,"minecraft:red_stained_glass_pane":26,"minecraft:red_carpet":20,"minecraft:glowstone":103,"minecraft:redstone_lamp":2,"minecraft:magma_block":6,"minecraft:bow":16,"minecraft:magenta_wool":1,"minecraft:furnace":1,"minecraft:mangrove_slab":17,"minecraft:minecart":11,"minecraft:pearlescent_froglight":79,"minecraft:red_dye":2,"securitycraft:stone_mine":279,"minecraft:end_rod":21,"minecraft:spruce_door":1,"dedsafio3:casino_dedsafio_spawn_egg":26,"minecraft:snow_block":234,"minecraft:lime_wool":5,"minecraft:mangrove_planks":8,"minecraft:oak_planks":55,"minecraft:blue_wool":7,"cataclysm:bloom_stone_pauldrons":2,"minecraft:blackstone":376,"minecraft:ender_pearl":3,"minecraft:black_glazed_terracotta":68,"minecraft:redstone_block":41,"minecraft:cobblestone_slab":1,"minecraft:glow_ink_sac":14,"minecraft:red_glazed_terracotta":2,"minecraft:glow_item_frame":76,"cataclysm:cursium_leggings":1,"minecraft:blue_dye":2,"minecraft:lime_terracotta":389,"minecraft:sand":9,"minecraft:rail":12,"minecraft:tnt":50,"minecraft:oak_slab":188,"minecraft:crimson_trapdoor":98,"minecraft:light_blue_wool":1,"minecraft:birch_sign":3,"minecraft:white_bed":2,"minecraft:campfire":87,"minecraft:stone_brick_wall":37,"minecraft:lingering_potion":38,"minecraft:ochre_froglight":112,"minecraft:lime_shulker_box":1,"minecraft:cake":2,"minecraft:birch_fence":157,"minecraft:redstone_torch":6,"minecraft:oak_log":68,"waystones:waystone":2,"dedsafio3:nave_espacial_spawn_egg":1,"securitycraft:display_case":5,"minecraft:lever":19,"minecraft:yellow_dye":4,"minecraft:light":50,"minecraft:black_concrete":17,"dedsafio3:taxi_23_spawn_egg":1,"minecraft:mangrove_door":1,"minecraft:birch_slab":10,"minecraft:command_block":50,"minecraft:light_gray_concrete":1,"minecraft:stone_button":5,"dedsafio3:espacial_armor_azul_leggings":1,"minecraft:verdant_froglight":82,"minecraft:barrier":54,"minecraft:pig_spawn_egg":2,"minecraft:lectern":3,"minecraft:spruce_trapdoor":47,"iceandfire:dragonsteel_ice_sword":95,"vampirism:vampire_spawn_egg":10,"minecraft:flowering_azalea_leaves":1,"minecraft:crimson_nylium":44,"minecraft:yellow_wool":4,"minecraft:soul_lantern":99,"minecraft:crimson_sign":5,"dedsafio3:espacial_armor_azul_chestplate":1,"cataclysm:draugr_head":6,"minecraft:crimson_fungus":20,"securitycraft:reinforced_white_concrete":978,"minecraft:crimson_stairs":101,"dedsafio3:espacial_armor_azul_boots":1,"cataclysm:bone_reptile_helmet":1,"minecraft:white_concrete":181,"minecraft:splash_potion":82,"minecraft:bone_meal":129,"minecraft:purple_wool":2,"minecraft:experience_bottle":54}},"DataVersion":3465}