{"stats":{"minecraft:custom":{"lootr:looted_stat":38,"minecraft:animals_bred":2,"minecraft:interact_with_crafting_table":67,"minecraft:bell_ring":3,"minecraft:eat_cake_slice":6,"minecraft:leave_game":3,"minecraft:time_since_death":664165,"minecraft:damage_resisted":1262,"minecraft:sprint_one_cm":1574381,"minecraft:damage_blocked_by_shield":20,"minecraft:drop":467,"minecraft:talked_to_villager":70,"minecraft:play_time":664165,"minecraft:jump":7468,"minecraft:walk_on_water_one_cm":100504,"minecraft:interact_with_furnace":71,"minecraft:traded_with_villager":58,"vampirism:interact_with_research_table":4,"minecraft:sleep_in_bed":6,"minecraft:waystone_activated":1,"minecraft:damage_dealt":12847,"minecraft:crouch_one_cm":49819,"minecraft:inspect_dispenser":4,"minecraft:mob_kills":56,"minecraft:interact_with_anvil":3,"minecraft:damage_dealt_resisted":46,"minecraft:walk_one_cm":2284638,"minecraft:sneak_time":18450,"minecraft:walk_under_water_one_cm":158731,"minecraft:boat_one_cm":609915,"minecraft:interact_with_lectern":1,"minecraft:total_world_time":664165,"vampirism:interact_with_injection_chair":2,"minecraft:time_since_rest":63459,"minecraft:damage_taken":3665,"minecraft:damage_absorbed":36,"minecraft:trigger_trapped_chest":19,"minecraft:minecart_one_cm":234,"minecraft:swim_one_cm":75949,"minecraft:fly_one_cm":1294504,"minecraft:open_chest":358,"minecraft:fall_one_cm":132055},"minecraft:killed":{"vampirism:advanced_vampire":1,"minecraft:spider":6,"minecraft:skeleton":3,"vampirism:blinding_bat":1,"minecraft:chicken":1,"minecraft:creeper":1,"minecraft:sheep":2,"minecraft:zombie":2,"dedsafio3:rana_gigante":5,"minecraft:phantom":15,"minecraft:bat":1,"iceandfire:ghost":7,"minecraft:villager":2,"minecraft:enderman":3},"minecraft:used":{"minecraft:spruce_slab":492,"minecraft:diamond_hoe":956,"minecraft:oak_sign":6,"minecraft:chest":1,"minecraft:shield":1,"minecraft:jungle_planks":8,"minecraft:carrot":880,"minecraft:milk_bucket":1,"minecraft:spruce_boat":12,"minecraft:furnace":1,"minecraft:oak_sapling":11,"minecraft:diorite":10,"minecraft:stone_pickaxe":97,"minecraft:oak_planks":65,"minecraft:ender_pearl":1,"minecraft:wooden_pickaxe":21,"minecraft:composter":6,"minecraft:diamond_axe":998,"minecraft:golden_apple":1,"minecraft:lectern":42,"minecraft:diamond_sword":72,"minecraft:smithing_table":1,"minecraft:oak_boat":5,"minecraft:enchanting_table":3,"minecraft:spruce_planks":177,"minecraft:torch":3,"minecraft:brewing_stand":1,"minecraft:dirt":71,"minecraft:iron_axe":20,"minecraft:golden_carrot":45,"minecraft:minecart":3,"minecraft:cobbled_deepslate":148,"minecraft:wheat_seeds":7,"minecraft:cooked_mutton":2,"minecraft:water_bucket":290,"minecraft:fletching_table":1,"minecraft:rail":8,"minecraft:oak_slab":691,"minecraft:crafting_table":9,"minecraft:white_bed":1,"minecraft:oak_log":20,"minecraft:diamond_pickaxe":330,"minecraft:diamond_shovel":79,"minecraft:chicken":2,"minecraft:iron_pickaxe":339,"minecraft:map":2,"minecraft:spruce_sapling":12,"minecraft:stone_axe":134,"minecraft:cobblestone":78,"minecraft:bucket":291},"minecraft:dropped":{"minecraft:iron_sword":1,"minecraft:diamond_axe":7,"minecraft:oak_log":2,"minecraft:diamond":24,"minecraft:crafting_table":1,"minecraft:cracked_stone_bricks":1,"minecraft:rail":3,"minecraft:dirt":12,"minecraft:cornflower":1,"minecraft:mutton":1,"minecraft:gold_nugget":5,"minecraft:bone_meal":1,"minecraft:iron_pickaxe":3,"minecraft:gold_ingot":3,"minecraft:gravel":1,"minecraft:stone_axe":1,"minecraft:sugar_cane":14,"minecraft:birch_sapling":2,"minecraft:wheat":5,"minecraft:beetroot":2,"minecraft:rotten_flesh":1,"minecraft:oak_planks":1,"minecraft:diamond_shovel":2,"minecraft:carrot":302,"minecraft:poppy":4,"minecraft:skeleton_skull":1,"minecraft:beetroot_seeds":8,"vampirism:hunter_axe_ultimate":1,"minecraft:spruce_slab":11,"minecraft:egg":2,"minecraft:bread":15,"minecraft:oak_slab":51,"minecraft:wheat_seeds":72,"minecraft:diamond_leggings":2,"minecraft:oak_fence":21,"minecraft:iron_helmet":1,"minecraft:cobblestone":11,"minecraft:copper_ingot":128,"vampirism:amulet":2,"minecraft:grass_block":2,"minecraft:golden_apple":4,"minecraft:stick":26,"minecraft:diorite":2,"minecraft:golden_carrot":7,"minecraft:torch":1,"minecraft:diamond_helmet":1,"minecraft:iron_leggings":1,"minecraft:oak_stairs":6,"minecraft:bucket":1,"minecraft:spruce_sapling":6,"minecraft:dandelion":2,"minecraft:redstone":6,"minecraft:furnace":1,"minecraft:kelp":3,"minecraft:diamond_hoe":1,"vampirism:heart_striker_enhanced":2,"vampirism:armor_of_swiftness_chest_ultimate":1,"minecraft:oak_sign":1,"minecraft:filled_map":3,"minecraft:diamond_sword":2,"minecraft:potato":1,"minecraft:oak_button":1,"minecraft:diamond_chestplate":1,"minecraft:spruce_planks":3,"minecraft:iron_chestplate":1,"minecraft:diamond_pickaxe":1,"minecraft:andesite":5,"minecraft:oak_sapling":10,"artifacts:onion_ring":1,"minecraft:spider_eye":12,"minecraft:stone_bricks":1,"minecraft:spruce_log":1,"minecraft:diamond_boots":1,"minecraft:black_wool":1},"minecraft:picked_up":{"minecraft:wheat":45,"minecraft:smithing_table":1,"minecraft:lead":1,"minecraft:oak_stairs":6,"minecraft:brewing_stand":3,"minecraft:string":7,"minecraft:raw_copper":443,"minecraft:oak_sign":4,"minecraft:beetroot":2,"minecraft:diamond_leggings":1,"minecraft:cobbled_deepslate":253,"minecraft:spruce_planks":121,"minecraft:iron_pickaxe":1,"minecraft:furnace":1,"minecraft:stick":32,"minecraft:composter":8,"minecraft:oak_fence":21,"minecraft:torch":4,"minecraft:spruce_stairs":1,"minecraft:diorite":12,"vampirism:amulet":2,"vampirism:blood_bottle":2,"minecraft:rotten_flesh":3,"minecraft:obsidian":4,"minecraft:cobblestone":148,"minecraft:enchanting_table":2,"minecraft:feather":2,"minecraft:andesite":5,"minecraft:potato":1,"minecraft:flint":4,"minecraft:tuff":13,"minecraft:dirt":86,"minecraft:bone":4,"minecraft:wheat_seeds":115,"minecraft:raw_gold":5,"minecraft:fletching_table":1,"minecraft:oak_planks":41,"minecraft:jungle_planks":8,"minecraft:grass_block":2,"minecraft:mossy_cobblestone":10,"minecraft:diamond":60,"minecraft:spruce_boat":12,"minecraft:golden_apple":1,"dedsafio3:dedita":1,"minecraft:oak_sapling":21,"iceandfire:raw_silver":7,"minecraft:crafting_table":9,"minecraft:chicken":2,"minecraft:wooden_pickaxe":2,"vampirism:heart_striker_enhanced":2,"minecraft:cornflower":4,"minecraft:cracked_stone_bricks":1,"minecraft:oak_boat":4,"minecraft:minecart":4,"minecraft:poppy":4,"minecraft:spruce_slab":117,"minecraft:lectern":41,"minecraft:sugar_cane":14,"minecraft:chest":1,"minecraft:birch_sapling":2,"minecraft:phantom_membrane":13,"minecraft:egg":3,"minecraft:raw_iron":74,"minecraft:carrot":1832,"minecraft:redstone":91,"minecraft:arrow":5,"minecraft:beetroot_seeds":8,"minecraft:gold_ingot":1,"dedsafio3:nutri_totem":1,"minecraft:mutton":2,"minecraft:rail":11,"minecraft:skeleton_skull":4,"minecraft:white_wool":146,"minecraft:golden_carrot":1,"minecraft:filled_map":1,"artifacts:onion_ring":1,"minecraft:oak_log":165,"iceandfire:ectoplasm":8,"minecraft:stone_bricks":1,"minecraft:apple":3,"minecraft:kelp":3,"minecraft:stone_pickaxe":1,"minecraft:oak_slab":83,"minecraft:milk_bucket":1,"minecraft:dandelion":8,"minecraft:gravel":16,"minecraft:spruce_sapling":24,"minecraft:spruce_log":284,"vampirism:hunter_axe_ultimate":1,"minecraft:spider_eye":2,"minecraft:diamond_shovel":1,"minecraft:stone_axe":1,"minecraft:diamond_axe":6,"minecraft:oak_button":1,"minecraft:black_wool":1,"vampirism:armor_of_swiftness_chest_ultimate":1,"minecraft:coal":27,"minecraft:ender_pearl":2},"minecraft:broken":{"minecraft:stone_axe":1,"minecraft:iron_pickaxe":1},"minecraft:crafted":{"minecraft:oak_planks":484,"minecraft:oak_sign":3,"minecraft:diamond_shovel":1,"minecraft:bookshelf":2,"minecraft:cooked_mutton":2,"minecraft:diamond_helmet":1,"minecraft:diamond_leggings":1,"minecraft:iron_boots":1,"minecraft:rail":16,"minecraft:oak_slab":684,"minecraft:emerald":56,"minecraft:cooked_porkchop":3,"minecraft:diamond_axe":1,"minecraft:crafting_table":2,"minecraft:spruce_planks":1034,"minecraft:wooden_pickaxe":1,"minecraft:iron_helmet":1,"minecraft:copper_ingot":327,"minecraft:lectern":2,"minecraft:iron_chestplate":1,"minecraft:diamond_pickaxe":1,"minecraft:shield":1,"minecraft:stick":1604,"minecraft:iron_ingot":42,"minecraft:iron_pickaxe":1,"minecraft:gold_ingot":34,"minecraft:shears":1,"minecraft:golden_carrot":61,"minecraft:diamond_hoe":1,"minecraft:furnace":1,"minecraft:iron_axe":1,"minecraft:spruce_slab":408,"minecraft:diamond_boots":1,"minecraft:spruce_boat":1,"minecraft:diamond_sword":1,"minecraft:enchanting_table":1,"minecraft:bucket":1,"minecraft:stone_axe":2,"minecraft:enchanted_book":2,"minecraft:bread":13,"minecraft:oak_boat":1,"minecraft:gold_nugget":495,"minecraft:iron_leggings":1,"minecraft:white_bed":1,"minecraft:diamond_chestplate":1},"minecraft:mined":{"minecraft:spruce_planks":122,"minecraft:oak_sapling":1,"minecraft:farmland":51,"minecraft:sculk_vein":55,"minecraft:brewing_stand":3,"minecraft:obsidian":4,"minecraft:grass_block":20,"minecraft:composter":8,"minecraft:spawner":1,"minecraft:iron_ore":62,"minecraft:cobbled_deepslate":8,"minecraft:fire":30,"minecraft:fletching_table":1,"minecraft:enchanting_table":2,"minecraft:oak_sign":3,"minecraft:spruce_slab":89,"minecraft:deepslate_redstone_ore":18,"minecraft:kelp_plant":1,"minecraft:torch":3,"minecraft:poppy":3,"minecraft:chest":1,"minecraft:cobblestone":27,"minecraft:sugar_cane":3,"minecraft:oak_planks":36,"minecraft:wheat":50,"minecraft:grass":16,"minecraft:oak_log":172,"minecraft:beetroots":2,"minecraft:dirt":17,"minecraft:oak_leaves":61,"minecraft:deepslate":277,"minecraft:tuff":13,"iceandfire:silver_ore":5,"minecraft:mossy_cobblestone":10,"minecraft:deepslate_diamond_ore":55,"minecraft:jungle_planks":8,"minecraft:spruce_leaves":2,"minecraft:kelp":1,"minecraft:furnace":1,"minecraft:carrots":493,"minecraft:andesite":5,"minecraft:potatoes":1,"minecraft:deepslate_iron_ore":12,"minecraft:vine":1,"minecraft:rail":8,"minecraft:stone":129,"minecraft:white_wool":153,"minecraft:smithing_table":1,"minecraft:oak_slab":61,"minecraft:dandelion":6,"minecraft:oak_fence":22,"minecraft:crafting_table":9,"minecraft:cornflower":3,"minecraft:sculk_sensor":1,"minecraft:lectern":41,"minecraft:tall_grass":5,"minecraft:copper_ore":67,"minecraft:deepslate_gold_ore":3,"minecraft:sculk":835,"minecraft:diorite":13,"minecraft:spruce_stairs":1,"minecraft:spruce_log":288,"minecraft:birch_leaves":3,"minecraft:coal_ore":27,"minecraft:gravel":30,"minecraft:cobweb":1}},"DataVersion":3465}