{"stats":{"minecraft:mined":{"minecraft:spruce_planks":133,"minecraft:oak_sapling":1,"minecraft:farmland":51,"minecraft:sculk_vein":55,"minecraft:brewing_stand":3,"minecraft:obsidian":4,"minecraft:grass_block":20,"minecraft:composter":8,"minecraft:oak_wall_sign":2,"minecraft:spawner":1,"minecraft:iron_ore":62,"minecraft:cobbled_deepslate":8,"minecraft:fire":37,"minecraft:fletching_table":1,"minecraft:enchanting_table":2,"minecraft:oak_sign":5,"minecraft:spruce_slab":92,"minecraft:deepslate_redstone_ore":18,"minecraft:kelp_plant":2,"minecraft:torch":3,"minecraft:poppy":3,"minecraft:chest":1,"minecraft:spruce_wall_sign":1,"minecraft:cobblestone":27,"minecraft:sugar_cane":3,"minecraft:oak_planks":36,"minecraft:seagrass":1,"minecraft:wheat":50,"minecraft:grass":16,"minecraft:oak_log":172,"minecraft:beetroots":2,"minecraft:dirt":17,"minecraft:oak_leaves":61,"minecraft:deepslate":277,"minecraft:tuff":13,"iceandfire:silver_ore":5,"minecraft:mossy_cobblestone":10,"minecraft:deepslate_diamond_ore":55,"minecraft:jungle_planks":8,"minecraft:spruce_leaves":2,"minecraft:kelp":1,"minecraft:spruce_sapling":1,"minecraft:furnace":1,"minecraft:carrots":593,"minecraft:andesite":5,"minecraft:potatoes":1,"minecraft:deepslate_iron_ore":12,"minecraft:vine":1,"minecraft:rail":8,"minecraft:stone":129,"minecraft:white_wool":153,"minecraft:smithing_table":1,"minecraft:oak_slab":63,"minecraft:snow_block":1394,"minecraft:dandelion":6,"minecraft:oak_fence":22,"minecraft:crafting_table":9,"minecraft:cornflower":3,"minecraft:sculk_sensor":1,"minecraft:lectern":80,"minecraft:tall_grass":6,"minecraft:copper_ore":67,"minecraft:deepslate_gold_ore":3,"minecraft:sculk":835,"minecraft:diorite":13,"minecraft:spruce_stairs":1,"minecraft:white_carpet":1,"minecraft:spruce_log":439,"minecraft:birch_leaves":3,"minecraft:coal_ore":27,"minecraft:gravel":48,"minecraft:cobweb":1},"minecraft:broken":{"minecraft:stone_axe":1,"minecraft:iron_pickaxe":1},"minecraft:killed":{"vampirism:advanced_vampire":1,"minecraft:spider":6,"minecraft:skeleton":3,"vampirism:blinding_bat":1,"minecraft:chicken":1,"minecraft:creeper":1,"minecraft:sheep":2,"minecraft:zombie":2,"dedsafio3:rana_gigante":10,"minecraft:phantom":15,"minecraft:bat":1,"iceandfire:ghost":8,"minecraft:villager":2,"minecraft:enderman":3},"minecraft:dropped":{"minecraft:iron_sword":1,"minecraft:diamond_axe":8,"minecraft:oak_log":2,"minecraft:diamond":24,"minecraft:crafting_table":1,"minecraft:cracked_stone_bricks":1,"minecraft:rail":3,"minecraft:emerald":52,"minecraft:dirt":12,"minecraft:cornflower":1,"minecraft:mutton":1,"minecraft:netherite_boots":1,"minecraft:gold_nugget":5,"minecraft:bone_meal":1,"minecraft:iron_pickaxe":3,"minecraft:gold_ingot":3,"minecraft:gravel":1,"minecraft:stone_axe":1,"minecraft:sugar_cane":14,"minecraft:birch_sapling":2,"minecraft:wheat":5,"minecraft:beetroot":2,"minecraft:rotten_flesh":1,"minecraft:oak_planks":2,"minecraft:diamond_shovel":2,"minecraft:netherite_shovel":2,"minecraft:carrot":452,"minecraft:poppy":4,"minecraft:skeleton_skull":1,"minecraft:beetroot_seeds":8,"artifacts:panic_necklace":1,"vampirism:hunter_axe_ultimate":1,"minecraft:spruce_slab":11,"minecraft:egg":2,"minecraft:bread":15,"minecraft:oak_slab":52,"minecraft:wheat_seeds":72,"minecraft:diamond_leggings":2,"minecraft:oak_fence":21,"minecraft:iron_helmet":1,"minecraft:cobblestone":11,"minecraft:book":4,"minecraft:copper_ingot":128,"minecraft:grass_block":2,"vampirism:amulet":2,"minecraft:golden_apple":4,"minecraft:stick":1263,"minecraft:diorite":2,"minecraft:golden_carrot":7,"minecraft:torch":1,"minecraft:diamond_helmet":1,"minecraft:iron_leggings":1,"minecraft:oak_stairs":6,"minecraft:bucket":1,"minecraft:spruce_sapling":6,"minecraft:dandelion":2,"minecraft:redstone":6,"minecraft:furnace":1,"minecraft:kelp":3,"minecraft:diamond_hoe":3,"vampirism:heart_striker_enhanced":2,"vampirism:armor_of_swiftness_chest_ultimate":1,"minecraft:oak_sign":3,"minecraft:filled_map":3,"minecraft:diamond_sword":2,"minecraft:potato":1,"minecraft:oak_button":1,"minecraft:diamond_chestplate":1,"minecraft:spruce_planks":3,"minecraft:iron_chestplate":1,"minecraft:diamond_pickaxe":1,"minecraft:andesite":5,"minecraft:oak_sapling":10,"artifacts:onion_ring":1,"minecraft:spider_eye":12,"minecraft:stone_bricks":1,"minecraft:spruce_log":1,"minecraft:diamond_boots":1,"minecraft:black_wool":1},"minecraft:picked_up":{"minecraft:wheat":45,"minecraft:smithing_table":1,"minecraft:lead":1,"minecraft:oak_stairs":7,"minecraft:brewing_stand":3,"minecraft:string":7,"minecraft:raw_copper":443,"minecraft:oak_sign":8,"minecraft:beetroot":2,"minecraft:diamond_leggings":1,"minecraft:cobbled_deepslate":253,"minecraft:spruce_planks":126,"minecraft:iron_pickaxe":1,"minecraft:furnace":1,"minecraft:stick":335,"minecraft:composter":8,"minecraft:oak_fence":21,"minecraft:torch":5,"minecraft:spruce_stairs":1,"minecraft:netherite_shovel":1,"minecraft:diorite":12,"vampirism:amulet":2,"vampirism:blood_bottle":3,"minecraft:rotten_flesh":3,"artifacts:panic_necklace":1,"minecraft:obsidian":4,"minecraft:snowball":1492,"minecraft:cobblestone":148,"minecraft:enchanting_table":2,"minecraft:feather":2,"minecraft:cooked_beef":46,"minecraft:andesite":5,"minecraft:potato":1,"minecraft:flint":5,"minecraft:tuff":13,"minecraft:dirt":105,"minecraft:bone":4,"minecraft:wheat_seeds":115,"minecraft:raw_gold":5,"minecraft:fletching_table":1,"minecraft:oak_planks":41,"minecraft:jungle_planks":8,"minecraft:grass_block":2,"minecraft:mossy_cobblestone":10,"minecraft:diamond":60,"minecraft:spruce_boat":13,"minecraft:golden_apple":21,"minecraft:emerald":36,"dedsafio3:dedita":6,"minecraft:oak_sapling":21,"iceandfire:raw_silver":7,"minecraft:crafting_table":9,"minecraft:chicken":2,"minecraft:wooden_pickaxe":2,"vampirism:heart_striker_enhanced":2,"minecraft:cornflower":4,"minecraft:white_carpet":1,"minecraft:cracked_stone_bricks":1,"minecraft:oak_boat":4,"minecraft:lectern":80,"minecraft:spruce_slab":122,"minecraft:poppy":5,"minecraft:minecart":4,"minecraft:sugar_cane":14,"minecraft:chest":1,"minecraft:birch_sapling":2,"minecraft:diamond_hoe":1,"minecraft:phantom_membrane":13,"minecraft:egg":3,"minecraft:raw_iron":74,"minecraft:carrot":2268,"minecraft:redstone":91,"minecraft:arrow":5,"minecraft:beetroot_seeds":8,"minecraft:gold_ingot":1,"dedsafio3:nutri_totem":2,"minecraft:mutton":2,"minecraft:white_wool":146,"minecraft:skeleton_skull":4,"minecraft:rail":11,"minecraft:golden_carrot":1,"minecraft:filled_map":1,"artifacts:onion_ring":1,"minecraft:oak_log":165,"iceandfire:ectoplasm":8,"minecraft:paper":2,"minecraft:apple":3,"minecraft:stone_bricks":1,"minecraft:kelp":5,"minecraft:stone_pickaxe":1,"minecraft:glass_bottle":2,"minecraft:oak_slab":88,"minecraft:milk_bucket":1,"minecraft:dandelion":8,"minecraft:gravel":36,"minecraft:spruce_sapling":46,"minecraft:spruce_log":438,"vampirism:hunter_axe_ultimate":1,"minecraft:spider_eye":2,"dedsafio3:taxi_23_spawn_egg":1,"minecraft:diamond_shovel":1,"minecraft:stone_axe":1,"minecraft:diamond_axe":7,"minecraft:oak_button":1,"minecraft:black_wool":1,"vampirism:armor_of_swiftness_chest_ultimate":1,"minecraft:coal":27,"minecraft:ender_pearl":2},"minecraft:used":{"minecraft:spruce_slab":498,"minecraft:diamond_hoe":977,"minecraft:oak_sign":7,"minecraft:chest":1,"minecraft:shield":1,"minecraft:jungle_planks":8,"minecraft:carrot":1022,"minecraft:snowball":127,"minecraft:milk_bucket":1,"minecraft:spruce_boat":14,"minecraft:netherite_shovel":1396,"minecraft:furnace":1,"minecraft:oak_sapling":11,"minecraft:diorite":10,"minecraft:stone_pickaxe":97,"minecraft:oak_planks":65,"minecraft:ender_pearl":1,"minecraft:wooden_pickaxe":21,"minecraft:composter":6,"minecraft:diamond_axe":1210,"minecraft:golden_apple":1,"dedsafio3:taxi_23_spawn_egg":1,"minecraft:lectern":82,"minecraft:gravel":24,"minecraft:diamond_sword":84,"minecraft:smithing_table":1,"minecraft:oak_boat":5,"minecraft:enchanting_table":3,"minecraft:flint_and_steel":1,"minecraft:spruce_planks":220,"minecraft:torch":3,"minecraft:brewing_stand":1,"minecraft:dirt":84,"minecraft:white_carpet":1,"minecraft:iron_axe":20,"minecraft:golden_carrot":45,"minecraft:minecart":3,"minecraft:cobbled_deepslate":148,"minecraft:wheat_seeds":7,"minecraft:cooked_mutton":2,"minecraft:water_bucket":304,"minecraft:snow_block":1,"minecraft:fletching_table":1,"minecraft:rail":8,"minecraft:oak_slab":694,"minecraft:crafting_table":9,"minecraft:white_bed":1,"minecraft:spruce_log":1,"minecraft:oak_log":20,"minecraft:diamond_pickaxe":330,"minecraft:diamond_shovel":79,"minecraft:chicken":2,"minecraft:iron_pickaxe":339,"minecraft:map":2,"minecraft:spruce_sapling":17,"minecraft:stone_axe":134,"minecraft:cobblestone":78,"minecraft:bucket":305},"minecraft:crafted":{"minecraft:oak_planks":484,"minecraft:oak_sign":3,"minecraft:diamond_shovel":1,"minecraft:bookshelf":2,"minecraft:cooked_mutton":2,"minecraft:diamond_helmet":1,"minecraft:diamond_leggings":1,"minecraft:iron_boots":1,"minecraft:rail":16,"minecraft:oak_slab":684,"minecraft:emerald":139,"minecraft:cooked_porkchop":3,"minecraft:diamond_axe":1,"minecraft:crafting_table":2,"minecraft:spruce_planks":2670,"minecraft:wooden_pickaxe":1,"minecraft:iron_helmet":1,"minecraft:copper_ingot":327,"minecraft:lectern":2,"minecraft:iron_chestplate":1,"minecraft:diamond_pickaxe":1,"minecraft:shield":1,"minecraft:stick":4621,"minecraft:iron_ingot":42,"minecraft:iron_pickaxe":1,"minecraft:snow_block":16,"minecraft:gold_ingot":34,"minecraft:shears":1,"minecraft:golden_carrot":61,"minecraft:diamond_hoe":1,"minecraft:furnace":1,"minecraft:flint_and_steel":1,"minecraft:iron_axe":1,"minecraft:spruce_slab":408,"minecraft:diamond_boots":1,"minecraft:spruce_boat":1,"minecraft:diamond_sword":1,"minecraft:enchanting_table":1,"minecraft:bucket":1,"minecraft:stone_axe":2,"minecraft:enchanted_book":6,"minecraft:bread":13,"minecraft:air":0,"minecraft:oak_boat":1,"minecraft:gold_nugget":495,"minecraft:iron_leggings":1,"minecraft:white_bed":1,"minecraft:diamond_chestplate":1},"minecraft:custom":{"lootr:looted_stat":38,"minecraft:animals_bred":2,"minecraft:interact_with_crafting_table":67,"minecraft:bell_ring":3,"minecraft:eat_cake_slice":8,"minecraft:leave_game":8,"minecraft:time_since_death":836536,"minecraft:damage_resisted":3857,"minecraft:sprint_one_cm":1942552,"minecraft:damage_blocked_by_shield":20,"minecraft:drop":590,"minecraft:talked_to_villager":136,"minecraft:play_time":836536,"minecraft:jump":9129,"minecraft:walk_on_water_one_cm":129267,"minecraft:interact_with_furnace":77,"minecraft:traded_with_villager":145,"vampirism:interact_with_research_table":4,"minecraft:sleep_in_bed":6,"minecraft:waystone_activated":1,"minecraft:open_enderchest":17,"minecraft:damage_dealt":14752,"minecraft:crouch_one_cm":66033,"minecraft:inspect_dispenser":4,"minecraft:mob_kills":62,"minecraft:interact_with_anvil":4,"minecraft:damage_dealt_resisted":46,"minecraft:walk_one_cm":2821935,"minecraft:sneak_time":24514,"minecraft:walk_under_water_one_cm":186406,"minecraft:boat_one_cm":611831,"minecraft:interact_with_lectern":2,"minecraft:total_world_time":836536,"vampirism:interact_with_injection_chair":2,"minecraft:time_since_rest":235830,"minecraft:damage_taken":5381,"minecraft:damage_absorbed":37,"minecraft:trigger_trapped_chest":19,"minecraft:minecart_one_cm":234,"minecraft:swim_one_cm":115539,"minecraft:fly_one_cm":1700267,"minecraft:open_chest":496,"minecraft:fall_one_cm":178640}},"DataVersion":3465}