{"stats":{"minecraft:custom":{"lootr:looted_stat":38,"minecraft:interact_with_anvil":1,"minecraft:mob_kills":43,"minecraft:animals_bred":2,"minecraft:interact_with_crafting_table":56,"minecraft:bell_ring":3,"minecraft:damage_dealt_resisted":46,"minecraft:eat_cake_slice":6,"minecraft:leave_game":2,"minecraft:time_since_death":515490,"minecraft:damage_resisted":857,"minecraft:sprint_one_cm":1308327,"minecraft:walk_one_cm":1921106,"minecraft:damage_blocked_by_shield":20,"minecraft:drop":264,"minecraft:talked_to_villager":3,"minecraft:play_time":515490,"minecraft:sneak_time":14248,"minecraft:walk_under_water_one_cm":146063,"minecraft:boat_one_cm":492536,"minecraft:jump":6194,"minecraft:walk_on_water_one_cm":94665,"vampirism:interact_with_injection_chair":2,"minecraft:total_world_time":515490,"minecraft:interact_with_furnace":71,"vampirism:interact_with_research_table":4,"minecraft:sleep_in_bed":5,"minecraft:waystone_activated":1,"minecraft:time_since_rest":17253,"minecraft:damage_absorbed":36,"minecraft:damage_taken":3408,"minecraft:trigger_trapped_chest":19,"minecraft:damage_dealt":10079,"minecraft:swim_one_cm":38320,"minecraft:fly_one_cm":1040803,"minecraft:crouch_one_cm":39714,"minecraft:open_chest":245,"minecraft:inspect_dispenser":1,"minecraft:fall_one_cm":113699},"minecraft:killed":{"vampirism:advanced_vampire":1,"minecraft:spider":6,"minecraft:phantom":14,"minecraft:skeleton":3,"vampirism:blinding_bat":1,"minecraft:chicken":1,"minecraft:bat":1,"minecraft:creeper":1,"minecraft:sheep":2,"minecraft:zombie":2,"iceandfire:ghost":1,"minecraft:villager":2,"minecraft:enderman":2},"minecraft:used":{"minecraft:enchanting_table":3,"minecraft:spruce_slab":480,"minecraft:diamond_hoe":956,"minecraft:oak_sign":5,"minecraft:chest":1,"minecraft:spruce_planks":128,"minecraft:shield":1,"minecraft:torch":3,"minecraft:brewing_stand":1,"minecraft:dirt":71,"minecraft:jungle_planks":8,"minecraft:carrot":661,"minecraft:milk_bucket":1,"minecraft:spruce_boat":5,"minecraft:iron_axe":20,"minecraft:golden_carrot":45,"minecraft:oak_sapling":11,"minecraft:furnace":1,"minecraft:minecart":1,"minecraft:cobbled_deepslate":148,"minecraft:cooked_mutton":2,"minecraft:wheat_seeds":7,"minecraft:water_bucket":271,"minecraft:diorite":10,"minecraft:stone_pickaxe":97,"minecraft:oak_planks":64,"minecraft:wooden_pickaxe":21,"minecraft:composter":5,"minecraft:diamond_axe":740,"minecraft:fletching_table":1,"minecraft:golden_apple":1,"minecraft:rail":5,"minecraft:oak_slab":688,"minecraft:crafting_table":9,"minecraft:white_bed":1,"minecraft:oak_log":20,"minecraft:diamond_pickaxe":327,"minecraft:diamond_shovel":79,"minecraft:chicken":2,"minecraft:iron_pickaxe":339,"minecraft:map":2,"minecraft:spruce_sapling":4,"minecraft:stone_axe":134,"minecraft:diamond_sword":25,"minecraft:cobblestone":78,"minecraft:smithing_table":1,"minecraft:bucket":272,"minecraft:oak_boat":5},"minecraft:picked_up":{"minecraft:crafting_table":9,"minecraft:wheat":45,"minecraft:chicken":2,"minecraft:smithing_table":1,"minecraft:wooden_pickaxe":2,"minecraft:oak_stairs":6,"vampirism:heart_striker_enhanced":2,"minecraft:brewing_stand":3,"minecraft:cornflower":4,"minecraft:string":7,"minecraft:raw_copper":443,"minecraft:oak_sign":4,"minecraft:beetroot":2,"minecraft:cracked_stone_bricks":1,"minecraft:diamond_leggings":1,"minecraft:cobbled_deepslate":253,"minecraft:spruce_planks":67,"minecraft:oak_boat":4,"minecraft:iron_pickaxe":1,"minecraft:poppy":4,"minecraft:spruce_slab":110,"minecraft:minecart":2,"minecraft:sugar_cane":14,"minecraft:chest":1,"minecraft:birch_sapling":2,"minecraft:phantom_membrane":12,"minecraft:furnace":1,"minecraft:egg":1,"minecraft:raw_iron":74,"minecraft:stick":30,"minecraft:composter":7,"minecraft:oak_fence":21,"minecraft:torch":4,"minecraft:spruce_stairs":1,"minecraft:diorite":12,"vampirism:amulet":2,"minecraft:carrot":1154,"minecraft:redstone":91,"minecraft:arrow":5,"vampirism:blood_bottle":2,"minecraft:rotten_flesh":3,"minecraft:beetroot_seeds":8,"dedsafio3:nutri_totem":1,"minecraft:gold_ingot":1,"minecraft:white_wool":146,"minecraft:obsidian":4,"minecraft:mutton":2,"minecraft:skeleton_skull":4,"minecraft:rail":8,"minecraft:cobblestone":148,"minecraft:enchanting_table":2,"minecraft:feather":2,"minecraft:golden_carrot":1,"minecraft:andesite":5,"minecraft:potato":1,"minecraft:filled_map":1,"artifacts:onion_ring":1,"minecraft:flint":4,"minecraft:tuff":13,"minecraft:oak_log":165,"minecraft:dirt":86,"minecraft:bone":4,"minecraft:apple":3,"minecraft:stone_bricks":1,"minecraft:kelp":3,"minecraft:wheat_seeds":115,"minecraft:raw_gold":5,"minecraft:stone_pickaxe":1,"minecraft:fletching_table":1,"minecraft:oak_planks":40,"minecraft:oak_slab":79,"minecraft:milk_bucket":1,"minecraft:dandelion":8,"minecraft:gravel":16,"minecraft:jungle_planks":8,"minecraft:spruce_sapling":10,"minecraft:spruce_log":155,"minecraft:grass_block":2,"vampirism:hunter_axe_ultimate":1,"minecraft:spider_eye":2,"minecraft:mossy_cobblestone":10,"minecraft:diamond_shovel":1,"minecraft:diamond":60,"minecraft:spruce_boat":5,"minecraft:stone_axe":1,"minecraft:diamond_axe":6,"minecraft:golden_apple":1,"minecraft:oak_button":1,"minecraft:oak_sapling":21,"minecraft:black_wool":1,"minecraft:coal":27,"vampirism:armor_of_swiftness_chest_ultimate":1,"iceandfire:raw_silver":7,"minecraft:ender_pearl":1},"minecraft:dropped":{"minecraft:bread":15,"minecraft:iron_sword":1,"minecraft:oak_slab":51,"minecraft:wheat_seeds":72,"minecraft:diamond_axe":7,"minecraft:oak_log":2,"minecraft:diamond":24,"minecraft:crafting_table":1,"minecraft:diamond_leggings":2,"minecraft:oak_fence":21,"minecraft:iron_helmet":1,"minecraft:cobblestone":11,"minecraft:cracked_stone_bricks":1,"minecraft:copper_ingot":128,"minecraft:grass_block":1,"minecraft:rail":3,"vampirism:amulet":2,"minecraft:golden_apple":4,"minecraft:stick":26,"minecraft:dirt":12,"minecraft:golden_carrot":7,"minecraft:diorite":2,"minecraft:torch":1,"minecraft:cornflower":1,"minecraft:mutton":1,"minecraft:diamond_helmet":1,"minecraft:iron_leggings":1,"minecraft:oak_stairs":6,"minecraft:gold_nugget":5,"minecraft:bone_meal":1,"minecraft:iron_pickaxe":3,"minecraft:bucket":1,"minecraft:spruce_sapling":6,"minecraft:dandelion":2,"minecraft:gold_ingot":3,"minecraft:redstone":6,"minecraft:gravel":1,"minecraft:furnace":1,"minecraft:stone_axe":1,"minecraft:kelp":3,"minecraft:sugar_cane":14,"minecraft:wheat":5,"minecraft:diamond_hoe":1,"minecraft:birch_sapling":2,"minecraft:beetroot":2,"minecraft:rotten_flesh":1,"minecraft:oak_planks":1,"minecraft:diamond_shovel":2,"vampirism:heart_striker_enhanced":2,"vampirism:armor_of_swiftness_chest_ultimate":1,"minecraft:oak_sign":1,"minecraft:carrot":102,"minecraft:filled_map":3,"minecraft:diamond_sword":2,"minecraft:poppy":2,"minecraft:potato":1,"minecraft:spruce_planks":3,"minecraft:oak_button":1,"minecraft:diamond_chestplate":1,"minecraft:skeleton_skull":1,"minecraft:diamond_pickaxe":1,"minecraft:iron_chestplate":1,"minecraft:andesite":5,"minecraft:beetroot_seeds":8,"minecraft:oak_sapling":10,"vampirism:hunter_axe_ultimate":1,"artifacts:onion_ring":1,"minecraft:stone_bricks":1,"minecraft:spider_eye":12,"minecraft:spruce_slab":11,"minecraft:diamond_boots":1,"minecraft:spruce_log":1,"minecraft:black_wool":1,"minecraft:egg":1},"minecraft:broken":{"minecraft:stone_axe":1,"minecraft:iron_pickaxe":1},"minecraft:crafted":{"minecraft:golden_carrot":61,"minecraft:oak_planks":484,"minecraft:oak_sign":3,"minecraft:diamond_hoe":1,"minecraft:furnace":1,"minecraft:diamond_shovel":1,"minecraft:cooked_mutton":2,"minecraft:diamond_helmet":1,"minecraft:diamond_leggings":1,"minecraft:iron_boots":1,"minecraft:iron_axe":1,"minecraft:spruce_slab":384,"minecraft:spruce_boat":1,"minecraft:diamond_boots":1,"minecraft:rail":16,"minecraft:oak_slab":684,"minecraft:diamond_sword":1,"minecraft:cooked_porkchop":3,"minecraft:diamond_axe":1,"minecraft:crafting_table":2,"minecraft:spruce_planks":270,"minecraft:enchanting_table":1,"minecraft:wooden_pickaxe":1,"minecraft:iron_helmet":1,"minecraft:copper_ingot":327,"minecraft:bucket":1,"minecraft:stone_axe":2,"minecraft:bread":13,"minecraft:oak_boat":1,"minecraft:iron_chestplate":1,"minecraft:gold_nugget":495,"minecraft:diamond_pickaxe":1,"minecraft:shield":1,"minecraft:stick":20,"minecraft:iron_ingot":42,"minecraft:iron_pickaxe":1,"minecraft:iron_leggings":1,"minecraft:gold_ingot":34,"minecraft:white_bed":1,"minecraft:shears":1,"minecraft:diamond_chestplate":1},"minecraft:mined":{"minecraft:tuff":13,"minecraft:spruce_planks":65,"minecraft:oak_sapling":1,"iceandfire:silver_ore":5,"minecraft:farmland":51,"minecraft:mossy_cobblestone":10,"minecraft:deepslate_diamond_ore":55,"minecraft:sculk_vein":55,"minecraft:brewing_stand":3,"minecraft:obsidian":4,"minecraft:grass_block":20,"minecraft:jungle_planks":8,"minecraft:kelp":1,"minecraft:composter":7,"minecraft:spawner":1,"minecraft:carrots":311,"minecraft:furnace":1,"minecraft:iron_ore":62,"minecraft:fire":30,"minecraft:cobbled_deepslate":8,"minecraft:andesite":5,"minecraft:fletching_table":1,"minecraft:enchanting_table":2,"minecraft:potatoes":1,"minecraft:oak_sign":3,"minecraft:deepslate_iron_ore":12,"minecraft:vine":1,"minecraft:rail":5,"minecraft:stone":129,"minecraft:white_wool":153,"minecraft:spruce_slab":82,"minecraft:smithing_table":1,"minecraft:deepslate_redstone_ore":18,"minecraft:oak_slab":58,"minecraft:kelp_plant":1,"minecraft:cornflower":3,"minecraft:dandelion":6,"minecraft:oak_fence":22,"minecraft:crafting_table":9,"minecraft:torch":3,"minecraft:poppy":3,"minecraft:chest":1,"minecraft:sculk_sensor":1,"minecraft:copper_ore":67,"minecraft:tall_grass":5,"minecraft:cobblestone":27,"minecraft:deepslate_gold_ore":3,"minecraft:oak_planks":35,"minecraft:sugar_cane":3,"minecraft:sculk":835,"minecraft:diorite":13,"minecraft:spruce_stairs":1,"minecraft:wheat":50,"minecraft:spruce_log":158,"minecraft:birch_leaves":3,"minecraft:beetroots":2,"minecraft:grass":14,"minecraft:coal_ore":27,"minecraft:oak_log":172,"minecraft:gravel":30,"minecraft:dirt":17,"minecraft:cobweb":1,"minecraft:deepslate":277,"minecraft:oak_leaves":61}},"DataVersion":3465}