{"stats":{"minecraft:killed_by":{"minecraft:player":3},"minecraft:mined":{"securitycraft:mine":1,"minecraft:grass_block":5,"minecraft:fire":4,"vampirism:tent":1,"minecraft:snow_block":2098,"vampirism:tent_main":1,"securitycraft:dirt_mine":2,"minecraft:grass":1,"vampirism:fire_place":1,"minecraft:dirt":7,"minecraft:oak_leaves":16},"minecraft:killed":{"minecraft:spider":2,"minecraft:cod":1,"minecraft:skeleton":3,"dedsafio3:nave_espacial":1,"minecraft:chicken":13,"vampirism:advanced_hunter":1,"cataclysm:lionfish":1,"minecraft:warden":1,"cataclysm:deepling_angler":1,"minecraft:pig":1,"dedsafio3:taxi_23":10,"minecraft:creeper":6,"minecraft:sheep":2,"minecraft:zombie":3,"dedsafio3:fantasmarojo":1,"minecraft:villager":48,"minecraft:enderman":2},"minecraft:picked_up":{"minecraft:purple_wool":64,"minecraft:chicken":11,"securitycraft:sand_mine":1,"minecraft:yellow_wool":39,"minecraft:brown_mushroom":3,"minecraft:lead":3,"minecraft:pink_wool":46,"minecraft:oak_stairs":3,"minecraft:string":1,"minecraft:raw_copper":2,"minecraft:magenta_wool":64,"minecraft:oak_sign":2,"minecraft:cobbled_deepslate":1,"minecraft:spruce_planks":1,"minecraft:written_book":6,"minecraft:poppy":2,"minecraft:diamond_hoe":1,"minecraft:blue_wool":64,"minecraft:egg":3,"minecraft:dark_oak_door":8,"minecraft:lime_wool":64,"minecraft:stick":15,"minecraft:torch":9,"securitycraft:camera_monitor":1,"minecraft:porkchop":1,"minecraft:netherite_shovel":1,"vampirism:holy_water_bottle_enhanced":1,"minecraft:stone_button":1,"minecraft:music_disc_pigstep":1,"minecraft:redstone":1,"minecraft:prismarine_crystals":5,"minecraft:lime_carpet":1,"minecraft:arrow":4,"minecraft:rotten_flesh":10,"minecraft:light_blue_wool":64,"cataclysm:void_assault_shoulder_weapon":1,"minecraft:cyan_terracotta":1,"dedsafio3:nutri_totem":1,"minecraft:cod":64,"minecraft:snowball":1397,"minecraft:cobblestone":120,"minecraft:cooked_beef":81,"minecraft:barrier":1,"vampirism:vampire_book":1,"minecraft:feather":7,"vampirism:item_tent":2,"minecraft:water_bucket":1,"minecraft:andesite":1,"minecraft:red_mushroom":9,"minecraft:flint":1,"minecraft:oak_log":2,"minecraft:gunpowder":3,"minecraft:dirt":132,"minecraft:paper":20,"minecraft:bone":4,"minecraft:apple":1,"minecraft:kelp":2,"minecraft:wheat_seeds":2,"securitycraft:security_camera":3,"minecraft:cooked_chicken":3,"minecraft:bamboo":10,"minecraft:oak_planks":9,"minecraft:sculk_catalyst":2,"securitycraft:mine":1,"securitycraft:dirt_mine":2,"vampirism:fire_place":1,"minecraft:yellow_concrete":7,"minecraft:red_wool":64,"minecraft:dandelion":3,"minecraft:gravel":17,"minecraft:spruce_sapling":11,"securitycraft:reinforced_stone":2,"minecraft:grass_block":1,"minecraft:spruce_log":3,"minecraft:spider_eye":1,"minecraft:orange_wool":13,"cataclysm:lionfish":1,"minecraft:diamond_shovel":3,"minecraft:yellow_carpet":1,"minecraft:stone_axe":1,"minecraft:black_concrete":11,"minecraft:writable_book":4,"minecraft:lever":3,"minecraft:diamond_axe":1,"dedsafio3:portable_anvil":1,"minecraft:oak_sapling":8,"minecraft:coal":51,"iceandfire:raw_silver":1,"minecraft:ender_pearl":1},"minecraft:dropped":{"minecraft:enchanted_book":4,"minecraft:wheat_seeds":2,"minecraft:cooked_beef":340,"minecraft:lead":2,"minecraft:red_wool":64,"dedsafio3:taxi_23_spawn_egg":1,"minecraft:stick":2,"minecraft:light_blue_wool":64,"dedsafio3:nutri_totem":5,"dedsafio3:portable_anvil":2,"minecraft:oak_stairs":3,"minecraft:purple_wool":64,"minecraft:paper":1,"securitycraft:sand_mine":1,"securitycraft:reinforced_stone":8,"minecraft:stone_axe":1,"securitycraft:mine":1,"minecraft:diamond_hoe":1,"minecraft:yellow_wool":39,"minecraft:blue_wool":64,"minecraft:lime_wool":64,"minecraft:oak_planks":5,"minecraft:enchanted_golden_apple":1,"minecraft:diamond_shovel":3,"minecraft:netherite_shovel":1,"minecraft:name_tag":1,"minecraft:orange_wool":13,"minecraft:pink_wool":46,"dedsafio3:dedita":8,"securitycraft:stone_mine":5,"minecraft:spruce_log":2,"securitycraft:camera_monitor":1,"securitycraft:universal_block_reinforcer_lvl1":1,"minecraft:magenta_wool":64},"minecraft:crafted":{"minecraft:snow_block":8},"minecraft:custom":{"minecraft:mob_kills":98,"minecraft:interact_with_anvil":13,"minecraft:interact_with_crafting_table":2,"minecraft:damage_dealt_resisted":192,"minecraft:eat_cake_slice":7,"minecraft:leave_game":14,"minecraft:time_since_death":65509,"minecraft:damage_resisted":888,"minecraft:sprint_one_cm":486252,"minecraft:walk_one_cm":2501145,"minecraft:drop":88,"minecraft:play_time":676405,"minecraft:deaths":7,"minecraft:sneak_time":5079,"minecraft:walk_under_water_one_cm":121602,"minecraft:boat_one_cm":930,"minecraft:interact_with_lectern":5,"minecraft:jump":5281,"minecraft:walk_on_water_one_cm":51772,"minecraft:total_world_time":676405,"minecraft:interact_with_furnace":6,"minecraft:time_since_rest":65514,"minecraft:waystone_activated":1,"minecraft:open_enderchest":2,"minecraft:damage_taken":46718,"minecraft:damage_absorbed":748,"minecraft:damage_dealt":16989,"minecraft:interact_with_beacon":3,"minecraft:swim_one_cm":44118,"minecraft:fly_one_cm":2787393,"minecraft:player_kills":3,"minecraft:open_chest":42,"minecraft:crouch_one_cm":6931,"minecraft:fall_one_cm":70415,"minecraft:inspect_dispenser":10},"minecraft:used":{"minecraft:netherite_sword":102,"minecraft:writable_book":17,"minecraft:red_concrete":83,"minecraft:spruce_slab":459,"minecraft:redstone":32,"minecraft:oak_sign":60,"minecraft:black_carpet":26,"minecraft:chest":34,"minecraft:stone":1016,"securitycraft:bucket_f_lava":525,"minecraft:zombie_spawn_egg":5,"securitycraft:security_camera":3,"minecraft:torch":35,"minecraft:mooshroom_spawn_egg":1,"minecraft:dirt":153,"minecraft:anvil":5,"minecraft:skeleton_spawn_egg":2,"minecraft:white_carpet":98,"minecraft:blue_stained_glass":26,"securitycraft:reinforced_stone":203,"minecraft:yellow_carpet":44,"securitycraft:reinforced_black_carpet":58,"minecraft:spruce_fence":2,"minecraft:snowball":161,"minecraft:blue_concrete":64,"minecraft:obsidian":32,"minecraft:warden_spawn_egg":1,"securitycraft:diamond_mine":8,"dedsafio3:espada":6,"minecraft:stone_brick_slab":34,"minecraft:dark_oak_planks":91,"dedsafio3:fantasmarojo_spawn_egg":3,"minecraft:sea_lantern":92,"minecraft:cyan_terracotta":325,"minecraft:lava_bucket":135,"minecraft:netherite_shovel":2100,"minecraft:villager_spawn_egg":45,"minecraft:black_stained_glass_pane":1,"minecraft:yellow_stained_glass":20,"minecraft:oak_stairs":10,"minecraft:chicken_spawn_egg":105,"cataclysm:cursed_bow":2,"minecraft:stone_bricks":219,"minecraft:netherite_boots":1,"minecraft:red_carpet":38,"minecraft:glowstone":45,"minecraft:lime_concrete":65,"minecraft:furnace":3,"securitycraft:dirt_mine":18,"minecraft:written_book":3,"minecraft:yellow_glazed_terracotta":67,"minecraft:lime_stained_glass":22,"minecraft:gold_block":194,"minecraft:skeleton_skull":1,"minecraft:egg":108,"minecraft:pearlescent_froglight":57,"minecraft:lime_glazed_terracotta":80,"securitycraft:stone_mine":36,"minecraft:dark_oak_stairs":6,"minecraft:water_bucket":24,"minecraft:end_rod":2,"minecraft:snow_block":119,"minecraft:red_stained_glass":21,"minecraft:lead":1,"minecraft:polished_andesite":82,"minecraft:oak_planks":5,"minecraft:ender_pearl":1,"minecraft:black_glazed_terracotta":3,"minecraft:brown_mushroom":4,"minecraft:beacon":9,"minecraft:diamond_axe":4,"minecraft:red_glazed_terracotta":71,"securitycraft:cobblestone_mine":59,"minecraft:lime_terracotta":1,"minecraft:yellow_terracotta":1,"minecraft:netherite_leggings":1,"minecraft:oak_slab":46,"minecraft:birch_sign":2,"minecraft:yellow_concrete":84,"securitycraft:furnace_mine":23,"minecraft:dark_oak_fence_gate":14,"minecraft:ochre_froglight":63,"minecraft:infested_stone_bricks":1,"minecraft:cake":1,"minecraft:spruce_log":2,"minecraft:dark_oak_door":10,"securitycraft:blast_furnace_mine":1,"minecraft:sticky_piston":3,"minecraft:gray_terracotta":1,"minecraft:lever":5,"minecraft:blue_glazed_terracotta":84,"minecraft:black_concrete":43,"dedsafio3:taxi_23_spawn_egg":29,"minecraft:dark_oak_log":27,"minecraft:birch_slab":35,"minecraft:lime_carpet":76,"minecraft:barrier":199,"minecraft:pig_spawn_egg":16,"minecraft:verdant_froglight":72,"minecraft:netherite_axe":130,"minecraft:lectern":7,"securitycraft:reinforced_iron_block":729,"minecraft:iron_door":8,"minecraft:bamboo_slab":50,"minecraft:spruce_sapling":36,"minecraft:soul_lantern":13,"securitycraft:mine":2,"minecraft:blue_carpet":40,"minecraft:cobblestone":6,"minecraft:dark_oak_fence":1,"securitycraft:reinforced_sea_lantern":46,"minecraft:bucket":2,"minecraft:andesite":27,"minecraft:lapis_block":1,"minecraft:chain":39,"minecraft:splash_potion":630,"minecraft:experience_bottle":390}},"DataVersion":3465}