{"stats":{"minecraft:custom":{"minecraft:time_since_rest":2533,"minecraft:waystone_activated":1,"minecraft:damage_absorbed":80,"minecraft:damage_taken":528,"minecraft:sprint_one_cm":45880,"minecraft:walk_one_cm":697914,"minecraft:mob_kills":1,"minecraft:drop":1,"minecraft:damage_dealt":689,"minecraft:interact_with_beacon":3,"minecraft:swim_one_cm":9703,"minecraft:fly_one_cm":629856,"minecraft:open_chest":3,"minecraft:play_time":163549,"minecraft:deaths":1,"minecraft:sneak_time":14,"minecraft:walk_under_water_one_cm":2947,"minecraft:interact_with_lectern":1,"minecraft:jump":706,"minecraft:leave_game":5,"minecraft:time_since_death":2528,"minecraft:walk_on_water_one_cm":9522,"minecraft:total_world_time":163549,"minecraft:damage_resisted":888,"minecraft:fall_one_cm":1240,"minecraft:inspect_dispenser":1},"minecraft:killed_by":{"minecraft:player":1},"minecraft:dropped":{"dedsafio3:nutri_totem":1},"minecraft:picked_up":{"minecraft:torch":2,"minecraft:dirt":2,"minecraft:rotten_flesh":2,"minecraft:lime_carpet":1,"minecraft:yellow_carpet":1,"minecraft:oak_planks":4,"minecraft:cobblestone":20},"minecraft:used":{"minecraft:gray_terracotta":1,"minecraft:stone_brick_slab":34,"minecraft:netherite_sword":6,"minecraft:blue_glazed_terracotta":84,"minecraft:sea_lantern":29,"minecraft:cyan_terracotta":204,"minecraft:lime_carpet":76,"minecraft:yellow_stained_glass":20,"minecraft:red_concrete":83,"minecraft:red_stained_glass":21,"minecraft:oak_stairs":10,"minecraft:polished_andesite":82,"minecraft:oak_planks":5,"minecraft:verdant_froglight":44,"minecraft:oak_sign":8,"minecraft:black_carpet":25,"minecraft:chest":7,"minecraft:stone":346,"minecraft:beacon":9,"minecraft:red_glazed_terracotta":71,"minecraft:stone_bricks":219,"minecraft:blue_carpet":40,"minecraft:torch":16,"minecraft:red_carpet":38,"minecraft:cobblestone":6,"minecraft:lime_concrete":57,"minecraft:white_carpet":98,"minecraft:oak_slab":1,"minecraft:blue_stained_glass":26,"minecraft:yellow_glazed_terracotta":67,"minecraft:lime_stained_glass":22,"minecraft:dark_oak_fence":1,"minecraft:yellow_concrete":62,"minecraft:lapis_block":1,"minecraft:chain":39,"minecraft:yellow_carpet":44,"minecraft:dark_oak_fence_gate":14,"minecraft:ochre_froglight":34,"securitycraft:reinforced_black_carpet":58,"minecraft:pearlescent_froglight":27,"minecraft:blue_concrete":64,"minecraft:dark_oak_door":7,"minecraft:splash_potion":384,"minecraft:lime_glazed_terracotta":80}},"DataVersion":3465}