{"stats":{"minecraft:picked_up":{"minecraft:torch":2,"minecraft:dirt":2,"minecraft:rotten_flesh":2,"minecraft:yellow_carpet":1,"minecraft:oak_planks":4,"minecraft:cobblestone":20},"minecraft:used":{"minecraft:gray_terracotta":1,"minecraft:stone_brick_slab":30,"minecraft:blue_glazed_terracotta":84,"minecraft:netherite_sword":6,"minecraft:sea_lantern":19,"minecraft:cyan_terracotta":190,"minecraft:yellow_stained_glass":16,"minecraft:red_stained_glass":15,"minecraft:oak_stairs":10,"minecraft:verdant_froglight":27,"minecraft:oak_planks":5,"minecraft:stone":346,"minecraft:beacon":8,"minecraft:blue_carpet":40,"minecraft:torch":16,"minecraft:cobblestone":6,"minecraft:white_carpet":37,"minecraft:blue_stained_glass":26,"minecraft:lime_stained_glass":17,"minecraft:lapis_block":1,"minecraft:yellow_concrete":1,"minecraft:yellow_carpet":44,"minecraft:ochre_froglight":19,"securitycraft:reinforced_black_carpet":47,"minecraft:pearlescent_froglight":14,"minecraft:blue_concrete":17,"minecraft:splash_potion":384},"minecraft:custom":{"minecraft:time_since_rest":96258,"minecraft:waystone_activated":1,"minecraft:sprint_one_cm":32466,"minecraft:walk_one_cm":456993,"minecraft:mob_kills":1,"minecraft:damage_dealt":659,"minecraft:interact_with_beacon":3,"minecraft:swim_one_cm":9703,"minecraft:fly_one_cm":350522,"minecraft:play_time":96258,"minecraft:sneak_time":14,"minecraft:walk_under_water_one_cm":2947,"minecraft:jump":393,"minecraft:leave_game":1,"minecraft:time_since_death":96258,"minecraft:walk_on_water_one_cm":9522,"minecraft:total_world_time":96258,"minecraft:fall_one_cm":836}},"DataVersion":3465}