{"stats":{"minecraft:used":{"minecraft:gray_terracotta":1,"minecraft:stone_brick_slab":34,"minecraft:netherite_sword":6,"minecraft:blue_glazed_terracotta":84,"minecraft:sea_lantern":29,"minecraft:cyan_terracotta":204,"minecraft:lime_carpet":76,"minecraft:yellow_stained_glass":20,"minecraft:red_concrete":53,"minecraft:red_stained_glass":21,"minecraft:oak_stairs":10,"minecraft:polished_andesite":49,"minecraft:oak_planks":5,"minecraft:verdant_froglight":44,"minecraft:black_carpet":25,"minecraft:stone":346,"minecraft:beacon":9,"minecraft:red_glazed_terracotta":71,"minecraft:stone_bricks":205,"minecraft:blue_carpet":40,"minecraft:torch":16,"minecraft:red_carpet":38,"minecraft:lime_concrete":33,"minecraft:cobblestone":6,"minecraft:white_carpet":98,"minecraft:yellow_glazed_terracotta":67,"minecraft:blue_stained_glass":26,"minecraft:lime_stained_glass":22,"minecraft:lapis_block":1,"minecraft:yellow_concrete":30,"minecraft:yellow_carpet":44,"minecraft:ochre_froglight":34,"securitycraft:reinforced_black_carpet":58,"minecraft:pearlescent_froglight":27,"minecraft:blue_concrete":33,"minecraft:splash_potion":384,"minecraft:lime_glazed_terracotta":80},"minecraft:custom":{"minecraft:time_since_rest":137946,"minecraft:waystone_activated":1,"minecraft:sprint_one_cm":41383,"minecraft:walk_one_cm":617356,"minecraft:mob_kills":1,"minecraft:damage_dealt":689,"minecraft:interact_with_beacon":3,"minecraft:swim_one_cm":9703,"minecraft:fly_one_cm":494078,"minecraft:play_time":137946,"minecraft:sneak_time":14,"minecraft:walk_under_water_one_cm":2947,"minecraft:jump":601,"minecraft:leave_game":1,"minecraft:time_since_death":137946,"minecraft:walk_on_water_one_cm":9522,"minecraft:total_world_time":137946,"minecraft:fall_one_cm":836},"minecraft:picked_up":{"minecraft:torch":2,"minecraft:dirt":2,"minecraft:lime_carpet":1,"minecraft:rotten_flesh":2,"minecraft:yellow_carpet":1,"minecraft:oak_planks":4,"minecraft:cobblestone":20}},"DataVersion":3465}