{"stats":{"minecraft:custom":{"minecraft:mob_kills":96,"minecraft:interact_with_anvil":11,"minecraft:interact_with_crafting_table":2,"minecraft:damage_dealt_resisted":192,"minecraft:leave_game":13,"minecraft:time_since_death":286401,"minecraft:damage_resisted":888,"minecraft:sprint_one_cm":273615,"minecraft:walk_one_cm":1937855,"minecraft:drop":20,"minecraft:play_time":509150,"minecraft:deaths":4,"minecraft:sneak_time":3013,"minecraft:walk_under_water_one_cm":90334,"minecraft:boat_one_cm":930,"minecraft:interact_with_lectern":5,"minecraft:jump":3156,"minecraft:walk_on_water_one_cm":29556,"minecraft:total_world_time":509150,"minecraft:time_since_rest":286406,"minecraft:waystone_activated":1,"minecraft:damage_taken":3813,"minecraft:damage_absorbed":428,"minecraft:damage_dealt":15892,"minecraft:interact_with_beacon":3,"minecraft:swim_one_cm":26343,"minecraft:fly_one_cm":1925214,"minecraft:player_kills":2,"minecraft:open_chest":10,"minecraft:crouch_one_cm":3538,"minecraft:fall_one_cm":33343,"minecraft:inspect_dispenser":6},"minecraft:killed_by":{"minecraft:player":1},"minecraft:killed":{"minecraft:spider":2,"minecraft:skeleton":3,"minecraft:chicken":13,"vampirism:advanced_hunter":1,"cataclysm:lionfish":1,"minecraft:warden":1,"cataclysm:deepling_angler":1,"minecraft:pig":1,"dedsafio3:taxi_23":10,"minecraft:creeper":6,"minecraft:sheep":2,"minecraft:zombie":3,"dedsafio3:fantasmarojo":1,"minecraft:villager":48,"minecraft:enderman":2},"minecraft:dropped":{"minecraft:wheat_seeds":2,"minecraft:lead":1,"dedsafio3:nutri_totem":1,"securitycraft:sand_mine":1,"securitycraft:reinforced_stone":8,"securitycraft:mine":1,"minecraft:diamond_shovel":3,"securitycraft:stone_mine":5,"securitycraft:camera_monitor":1,"securitycraft:universal_block_reinforcer_lvl1":1},"minecraft:picked_up":{"minecraft:chicken":10,"securitycraft:sand_mine":1,"minecraft:brown_mushroom":2,"minecraft:lead":3,"minecraft:string":1,"minecraft:oak_sign":1,"minecraft:cobbled_deepslate":1,"minecraft:spruce_planks":1,"minecraft:dark_oak_door":8,"minecraft:egg":2,"minecraft:torch":6,"securitycraft:camera_monitor":1,"vampirism:holy_water_bottle_enhanced":1,"minecraft:redstone":1,"minecraft:prismarine_crystals":5,"minecraft:rotten_flesh":5,"minecraft:arrow":2,"minecraft:lime_carpet":1,"cataclysm:void_assault_shoulder_weapon":1,"minecraft:cyan_terracotta":1,"minecraft:snowball":165,"minecraft:cobblestone":94,"minecraft:barrier":1,"vampirism:vampire_book":1,"minecraft:feather":7,"vampirism:item_tent":2,"minecraft:oak_log":2,"minecraft:gunpowder":3,"minecraft:dirt":45,"minecraft:paper":3,"minecraft:bone":4,"minecraft:apple":1,"minecraft:kelp":2,"minecraft:wheat_seeds":2,"minecraft:cooked_chicken":3,"minecraft:bamboo":10,"minecraft:oak_planks":4,"minecraft:sculk_catalyst":2,"securitycraft:mine":1,"securitycraft:dirt_mine":2,"vampirism:fire_place":1,"minecraft:yellow_concrete":7,"minecraft:dandelion":2,"minecraft:gravel":1,"minecraft:spruce_log":1,"securitycraft:reinforced_stone":2,"minecraft:grass_block":1,"minecraft:spider_eye":1,"cataclysm:lionfish":1,"minecraft:diamond_shovel":3,"minecraft:yellow_carpet":1,"minecraft:black_concrete":11,"minecraft:writable_book":2,"minecraft:lever":3,"minecraft:oak_sapling":2,"minecraft:ender_pearl":1},"minecraft:used":{"minecraft:netherite_sword":102,"minecraft:writable_book":12,"minecraft:red_concrete":83,"minecraft:spruce_slab":459,"minecraft:redstone":32,"minecraft:oak_sign":54,"minecraft:black_carpet":26,"minecraft:chest":34,"minecraft:stone":995,"securitycraft:bucket_f_lava":462,"minecraft:zombie_spawn_egg":5,"minecraft:torch":30,"minecraft:dirt":12,"minecraft:anvil":4,"minecraft:skeleton_spawn_egg":2,"minecraft:white_carpet":98,"minecraft:blue_stained_glass":26,"securitycraft:reinforced_stone":203,"minecraft:yellow_carpet":44,"securitycraft:reinforced_black_carpet":58,"minecraft:spruce_fence":2,"minecraft:snowball":113,"minecraft:blue_concrete":64,"minecraft:obsidian":32,"minecraft:warden_spawn_egg":1,"securitycraft:diamond_mine":8,"dedsafio3:espada":6,"minecraft:stone_brick_slab":34,"minecraft:dark_oak_planks":91,"minecraft:cyan_terracotta":325,"minecraft:sea_lantern":92,"dedsafio3:fantasmarojo_spawn_egg":3,"minecraft:lava_bucket":135,"minecraft:villager_spawn_egg":45,"minecraft:yellow_stained_glass":20,"minecraft:oak_stairs":10,"minecraft:chicken_spawn_egg":105,"cataclysm:cursed_bow":2,"minecraft:stone_bricks":219,"minecraft:glowstone":45,"minecraft:red_carpet":38,"minecraft:lime_concrete":65,"minecraft:written_book":2,"securitycraft:dirt_mine":6,"minecraft:yellow_glazed_terracotta":67,"minecraft:lime_stained_glass":22,"minecraft:gold_block":194,"minecraft:skeleton_skull":1,"minecraft:egg":108,"minecraft:pearlescent_froglight":57,"minecraft:lime_glazed_terracotta":80,"securitycraft:stone_mine":36,"minecraft:dark_oak_stairs":6,"minecraft:water_bucket":20,"minecraft:end_rod":2,"minecraft:snow_block":119,"minecraft:red_stained_glass":21,"minecraft:lead":1,"minecraft:polished_andesite":82,"minecraft:oak_planks":5,"minecraft:ender_pearl":1,"minecraft:black_glazed_terracotta":3,"minecraft:brown_mushroom":4,"minecraft:beacon":9,"minecraft:red_glazed_terracotta":71,"securitycraft:cobblestone_mine":59,"minecraft:lime_terracotta":1,"minecraft:yellow_terracotta":1,"minecraft:oak_slab":3,"minecraft:birch_sign":2,"minecraft:yellow_concrete":84,"securitycraft:furnace_mine":23,"minecraft:dark_oak_fence_gate":14,"minecraft:ochre_froglight":63,"minecraft:infested_stone_bricks":1,"minecraft:cake":1,"minecraft:dark_oak_door":10,"securitycraft:blast_furnace_mine":1,"minecraft:sticky_piston":3,"minecraft:gray_terracotta":1,"minecraft:lever":5,"minecraft:blue_glazed_terracotta":84,"minecraft:black_concrete":43,"dedsafio3:taxi_23_spawn_egg":13,"minecraft:dark_oak_log":27,"minecraft:lime_carpet":76,"minecraft:barrier":199,"minecraft:pig_spawn_egg":16,"minecraft:verdant_froglight":72,"minecraft:netherite_axe":130,"minecraft:lectern":7,"securitycraft:reinforced_iron_block":728,"minecraft:iron_door":8,"minecraft:soul_lantern":13,"securitycraft:mine":2,"minecraft:blue_carpet":40,"minecraft:cobblestone":6,"minecraft:dark_oak_fence":1,"securitycraft:reinforced_sea_lantern":46,"minecraft:lapis_block":1,"minecraft:chain":39,"minecraft:splash_potion":630,"minecraft:experience_bottle":163},"minecraft:mined":{"securitycraft:mine":1,"minecraft:grass_block":5,"minecraft:fire":4,"vampirism:tent":1,"vampirism:tent_main":1,"securitycraft:dirt_mine":2,"minecraft:grass":1,"vampirism:fire_place":1,"minecraft:dirt":7,"minecraft:oak_leaves":16}},"DataVersion":3465}