{"stats":{"minecraft:custom":{"minecraft:mob_kills":14,"minecraft:damage_dealt_resisted":192,"minecraft:leave_game":5,"minecraft:time_since_death":6800,"minecraft:damage_resisted":888,"minecraft:time_since_rest":6805,"minecraft:waystone_activated":1,"minecraft:walk_one_cm":947274,"minecraft:sprint_one_cm":100577,"minecraft:damage_taken":3813,"minecraft:damage_absorbed":428,"minecraft:drop":4,"minecraft:damage_dealt":3390,"minecraft:interact_with_beacon":3,"minecraft:swim_one_cm":18662,"minecraft:fly_one_cm":946386,"minecraft:open_chest":10,"minecraft:play_time":229549,"minecraft:deaths":4,"minecraft:sneak_time":14,"minecraft:walk_under_water_one_cm":5862,"minecraft:interact_with_lectern":3,"minecraft:jump":1777,"minecraft:walk_on_water_one_cm":14331,"minecraft:total_world_time":229549,"minecraft:fall_one_cm":33343,"minecraft:inspect_dispenser":3},"minecraft:killed_by":{"minecraft:player":1},"minecraft:killed":{"minecraft:spider":1,"dedsafio3:taxi_23":2,"minecraft:creeper":6,"minecraft:skeleton":1,"minecraft:zombie":2,"vampirism:advanced_hunter":1},"minecraft:used":{"minecraft:netherite_sword":39,"minecraft:end_rod":2,"minecraft:red_stained_glass":21,"minecraft:red_concrete":83,"minecraft:redstone":12,"minecraft:polished_andesite":82,"minecraft:oak_planks":5,"minecraft:oak_sign":31,"minecraft:black_carpet":26,"minecraft:chest":34,"minecraft:brown_mushroom":4,"minecraft:zombie_spawn_egg":5,"minecraft:stone":346,"minecraft:beacon":9,"minecraft:red_glazed_terracotta":71,"minecraft:torch":16,"minecraft:dirt":12,"minecraft:lime_terracotta":1,"minecraft:white_carpet":98,"minecraft:oak_slab":3,"minecraft:blue_stained_glass":26,"minecraft:yellow_concrete":62,"minecraft:yellow_carpet":44,"minecraft:dark_oak_fence_gate":14,"minecraft:ochre_froglight":63,"securitycraft:reinforced_black_carpet":58,"minecraft:infested_stone_bricks":1,"minecraft:blue_concrete":64,"minecraft:dark_oak_door":10,"minecraft:warden_spawn_egg":1,"minecraft:sticky_piston":3,"minecraft:lever":5,"minecraft:gray_terracotta":1,"minecraft:stone_brick_slab":34,"minecraft:blue_glazed_terracotta":84,"minecraft:sea_lantern":58,"minecraft:cyan_terracotta":249,"dedsafio3:taxi_23_spawn_egg":4,"minecraft:lime_carpet":76,"minecraft:yellow_stained_glass":20,"minecraft:oak_stairs":10,"minecraft:barrier":199,"minecraft:verdant_froglight":72,"minecraft:stone_bricks":219,"minecraft:soul_lantern":13,"securitycraft:mine":2,"minecraft:blue_carpet":40,"minecraft:red_carpet":38,"minecraft:glowstone":45,"minecraft:lime_concrete":65,"minecraft:cobblestone":6,"securitycraft:dirt_mine":5,"minecraft:yellow_glazed_terracotta":67,"minecraft:lime_stained_glass":22,"minecraft:dark_oak_fence":1,"minecraft:lapis_block":1,"minecraft:chain":39,"minecraft:egg":2,"minecraft:pearlescent_froglight":57,"minecraft:splash_potion":384,"minecraft:lime_glazed_terracotta":80},"minecraft:dropped":{"securitycraft:mine":1,"minecraft:wheat_seeds":2,"dedsafio3:nutri_totem":1},"minecraft:picked_up":{"minecraft:barrier":1,"vampirism:vampire_book":1,"vampirism:item_tent":2,"minecraft:brown_mushroom":2,"minecraft:oak_log":2,"minecraft:gunpowder":3,"minecraft:dirt":14,"minecraft:paper":3,"minecraft:bone":2,"minecraft:apple":1,"minecraft:oak_sign":1,"minecraft:wheat_seeds":2,"minecraft:oak_planks":4,"securitycraft:mine":1,"minecraft:egg":2,"minecraft:dark_oak_door":8,"minecraft:sculk_catalyst":1,"securitycraft:dirt_mine":2,"vampirism:fire_place":1,"minecraft:torch":2,"vampirism:holy_water_bottle_enhanced":1,"minecraft:grass_block":1,"minecraft:redstone":1,"minecraft:yellow_carpet":1,"minecraft:lime_carpet":1,"minecraft:rotten_flesh":5,"minecraft:lever":3,"minecraft:oak_sapling":2,"minecraft:cobblestone":20},"minecraft:mined":{"securitycraft:mine":1,"vampirism:tent_main":1,"minecraft:grass_block":5,"minecraft:fire":4,"vampirism:tent":1,"securitycraft:dirt_mine":2,"minecraft:grass":1,"vampirism:fire_place":1,"minecraft:dirt":7,"minecraft:oak_leaves":16}},"DataVersion":3465}