{"stats":{"minecraft:picked_up":{"minecraft:rotten_flesh":2,"minecraft:torch":2,"minecraft:oak_planks":4,"minecraft:dirt":2,"minecraft:cobblestone":20},"minecraft:used":{"minecraft:gray_terracotta":1,"minecraft:torch":16,"minecraft:netherite_sword":6,"minecraft:cyan_terracotta":18,"minecraft:cobblestone":6,"minecraft:oak_stairs":2,"minecraft:oak_planks":5,"minecraft:verdant_froglight":9,"minecraft:stone":346,"minecraft:splash_potion":384},"minecraft:custom":{"minecraft:time_since_rest":69465,"minecraft:waystone_activated":1,"minecraft:sprint_one_cm":22661,"minecraft:play_time":69465,"minecraft:walk_one_cm":300844,"minecraft:sneak_time":14,"minecraft:walk_under_water_one_cm":2947,"minecraft:mob_kills":1,"minecraft:jump":302,"minecraft:damage_dealt":659,"minecraft:walk_on_water_one_cm":9522,"minecraft:time_since_death":69465,"minecraft:total_world_time":69465,"minecraft:swim_one_cm":9703,"minecraft:fall_one_cm":836,"minecraft:fly_one_cm":313130}},"DataVersion":3465}